SiteProvince,DistrictName,EpiWeek,SampleCollectionDate,LabNumber,Sequence_ID
Gauteng,Johannesburg MM,42,10/18/2023,ENV-COV-23-1011,ENV-COV-23-1011.tsv
Gauteng,Johannesburg MM,49,12/7/2021,ENV-NIC-21-616,ENV-NIC-21-616_S345.tsv
KwaZulu-Natal,Ethekwini MM,12,3/22/2022,ENV-NIC-22-0146,ENV_NIC_22_0146_S376.tsv
Gauteng,Johannesburg MM,36,9/5/2023,ENV-NIC-23-0966,ENV_NIC_23_0966.tsv
Free State,Mangaung MM,47,11/22/2022,ENV-COV-22-335,ENV-COV-22-335_S274_L001.tsv
KwaZulu-Natal,Ethekwini MM,33,8/15/2023,ENV-COV-23-670,ENV-COV-23-670.tsv
Western Cape,Cape Town MM,15,4/11/2023,ENV-NIC-23-0400,ENV_NIC_23_0400.tsv
Free State,Mangaung MM,22,5/30/2023,ENV-COV-23-289,ENV_COV_23_289.tsv
Gauteng,Ekurhuleni MM,15,4/11/2023,ENV-COV-23-101,ENV_COV_23_101.tsv
Eastern Cape,Nelson Mandela Bay MM,50,12/12/2022,ENV-NIC-22-1084,ENV-NIC-22-1084_S259.tsv
Gauteng,Ekurhuleni MM,36,9/7/2023,ENV-COV-23-0790,ENV_COV_23_0790.tsv
Gauteng,Tshwane MM,22,5/30/2023,ENV-COV-23-276,ENV_COV_23_276.tsv
Gauteng,Ekurhuleni MM,43,10/26/2023,ENV-COV-23-1061,ENV-COV-23-1061.tsv
Gauteng,Johannesburg MM,18,5/3/2022,ENV-COV-22-146,ENV_COV_22_146_S151.tsv
Free State,Mangaung MM,16,4/20/2022,ENV-NIC-22-0232,ENV_NIC_22_0232_S316.tsv
Eastern Cape,Nelson Mandela Bay MM,46,11/8/2022,ENV-COV-22-328,ENV_COV_22_328_S296.tsv
Western Cape,Cape Town MM,50,12/13/2021,ENV-NIC-21-645,ENV-NIC-21-645_S358.tsv
Gauteng,Ekurhuleni MM,43,10/24/2023,ENV-NIC-23-1203,ENV-NIC-23-1203.tsv
Eastern Cape,Buffalo City MM,31,8/2/2022,ENV-COV-22-217,ENV_COV_22_217_S361.tsv
KwaZulu-Natal,Ethekwini MM,,10/11/2021,ENV-COV-21-223,ENV_COV_21_223.tsv
KwaZulu-Natal,Ethekwini MM,33,8/15/2022,ENV-COV-22-230,ENV_COV_22_230_S165.tsv
Gauteng,Ekurhuleni MM,45,11/9/2023,ENV-COV-23-1140,ENV_COV_23_1140.tsv
Gauteng,Ekurhuleni MM,35,8/28/2023,ENV-COV-23-0733,ENV_COV_23_0733.tsv
Free State,Mangaung MM,38,9/20/2022,ENV-NIC-22-0755,ENV_NIC_22_0755_S370.tsv
Gauteng,Tshwane MM,30,7/21/2023,ENV-COV-23-554,ENV_COV_23_554.tsv
Gauteng,Johannesburg MM,46,11/15/2023,ENV-COV-23-1174,ENV_COV_23_1174.tsv
KwaZulu-Natal,Ethekwini MM,13,3/28/2022,ENV-COV-22-103,ENV_COV_22_103_S372.tsv
Gauteng,Tshwane MM,20,5/19/2023,ENV-COV-23-221,ENV_COV_23_221.tsv
Gauteng,Johannesburg MM,31,8/2/2023,ENV-COV-23-605,ENV_COV_23_605.tsv
Eastern Cape,Nelson Mandela Bay MM,32,8/10/2022,ENV-NIC-22-0644,ENV_NIC_22_0644_S168.tsv
KwaZulu-Natal,Ethekwini MM,14,4/4/2022,ENV-COV-22-112,ENV_COV_22_112_S363.tsv
Western Cape,Cape Town MM,42,10/16/2023,ENV-COV-23-1018,ENV-COV-23-1018.tsv
Gauteng,Johannesburg MM,45,11/8/2023,ENV-COV-23-1134,ENV_COV_23_1134.tsv
Gauteng,Ekurhuleni MM,44,11/1/2022,ENV-COV-22-309,ENV_COV_22_309_S273.tsv
Gauteng,Tshwane MM,39,9/26/2023,ENV-COV-23-0872,ENV-COV-23-0872.tsv
Gauteng,Johannesburg MM,39,9/27/2023,ENV-COV-23-0880,ENV-COV-23-0880.tsv
Eastern Cape,Buffalo City MM,35,8/30/2022,ENV-COV-22-247,ENV_COV_22_247_S277.tsv
Eastern Cape,Buffalo City MM,18,5/3/2022,ENV-COV-22-150,ENV_COV_22_150_S336.tsv
Western Cape,Cape Town MM,11,3/13/2023,ENV-NIC-23-0279,ENV_NIC_23_0279.tsv
Free State,Mangaung MM,47,11/22/2022,ENV-COV-22-336,ENV-COV-22-336_S275_L001.tsv
Gauteng,Tshwane MM,28,7/11/2023,ENV-COV-23-488,ENV_COV_23_488.tsv
KwaZulu-Natal,Ethekwini MM,32,8/7/2023,ENV-COV-23-643,ENV_COV_23_643.tsv
Eastern Cape,Buffalo City MM,16,4/19/2022,ENV-COV-22-136,ENV_COV_22_136_S313.tsv
Gauteng,Tshwane MM,4,1/25/2022,ENV-NIC-22-0033,ENV_NIC_22_0033_S368.tsv
Gauteng,Ekurhuleni MM,22,5/31/2022,ENV-COV-22-173,ENV_COV_22_173_S373.tsv
Gauteng,Tshwane MM,17,4/26/2022,ENV-COV-22-138,ENV_COV_22_138_S317.tsv
Gauteng,Tshwane MM,20,5/16/2023,ENV-COV-23-198,ENV_COV_23_198.tsv
Gauteng,Tshwane MM,45,11/7/2023,ENV-COV-23-1125,ENV_COV_23_1125.tsv
Eastern Cape,Buffalo City MM,35,8/30/2022,ENV-COV-22-246,ENV_COV_22_246_S276.tsv
Gauteng,Johannesburg MM,2,1/10/2023,ENV-COV-23-3,ENV-COV-23-3.tsv
Gauteng,Ekurhuleni MM,18,5/3/2022,ENV-COV-22-145,ENV_COV_22_145_S331.tsv
Western Cape,Cape Town MM,15,4/11/2022,ENV-NIC-22-0204,ENV_NIC_22_0204_S366.tsv
Gauteng,Tshwane MM,18,5/2/2023,ENV-COV-23-129,COV_23_129.tsv
Gauteng,Johannesburg MM,41,10/11/2023,ENV-COV-23-0971,ENV_COV_23_0971.tsv
Gauteng,Tshwane MM,40,10/6/2023,ENV-COV-23-0942,ENV_COV_23_0942.tsv
Gauteng,Ekurhuleni MM,19,5/10/2023,ENV-COV-23-166,ENV_COV_23_166.tsv
KwaZulu-Natal,Ethekwini MM,18,5/3/2022,ENV-COV-22-151,ENV_COV_22_151_S156.tsv
Eastern Cape,Buffalo City MM,10,3/8/2022,ENV-NIC-22-0102,ENV_NIC_22_0102_S374.tsv
Free State,Mangaung MM,21,5/23/2023,ENV-COV-23-286,ENV_COV_23_286.tsv
Gauteng,Ekurhuleni MM,49,12/6/2022,ENV-COV-22-346,ENV_COV_22_346_S340.tsv
Gauteng,Ekurhuleni MM,43,10/23/2023,ENV-COV-23-1036,ENV-COV-23-1036.tsv
Gauteng,Tshwane MM,20,5/17/2022,ENV-COV-22-164,ENV_COV_22_164_S142.tsv
Free State,Mangaung MM,8,2/22/2022,ENV-COV-22-63,ENV-COV-22-63_S342_L001.tsv
Gauteng,Tshwane MM,25,6/21/2022,ENV-COV-22-182,ENV_COV_22_182_S374.tsv
Eastern Cape,Buffalo City MM,20,5/17/2022,ENV-COV-22-167,ENV_COV_22_167_S145.tsv
Gauteng,Tshwane MM,19,5/10/2022,ENV-COV-22-158,ENV-COV-22-158_S362.tsv
Free State,Mangaung MM,14,4/5/2022,ENV-COV-22-116,ENV_COV_22_116_S367.tsv
Gauteng,Tshwane MM,51,12/21/2022,ENV-COV-22-359,ENV-COV-22-359_S267.tsv
Gauteng,Tshwane MM,22,5/30/2023,ENV-COV-23-270,ENV_COV_23_270.tsv
Gauteng,Ekurhuleni MM,30,7/24/2023,ENV-COV-23-555,ENV_COV_23_555.tsv
Gauteng,Tshwane MM,11,3/15/2022,ENV-COV-22-89,ENV_COV_22_89_S358.tsv
Gauteng,Tshwane MM,23,6/7/2022,ENV-COV-22-174,ENV_COV_22_174_S374.tsv
Gauteng,Johannesburg MM,23,6/7/2022,ENV-COV-22-175,ENV_COV_22_175_S375.tsv
Gauteng,Ekurhuleni MM,1,1/3/2022,ENV-COV-22-1,ENV-COV-22-1_S370.tsv
Gauteng,Tshwane MM,49,12/7/2022,ENV-COV-22-348,ENV_COV_22_348_S342.tsv
Eastern Cape,Buffalo City MM,17,4/26/2022,ENV-COV-22-143,ENV_COV_22_143_S322.tsv
Gauteng,Ekurhuleni MM,45,11/9/2023,ENV-COV-23-1135,ENV_COV_23_1135.tsv
Gauteng,Johannesburg MM,20,5/17/2023,ENV-COV-23-204,ENV_COV_23_204.tsv
Gauteng,Ekurhuleni MM,34,8/22/2023,ENV-NIC-23-0931,ENV_NIC_23_0931.tsv
Gauteng,Tshwane MM,27,7/5/2022,ENV-COV-22-186,ENV_COV_22_186_S182.tsv
Gauteng,Ekurhuleni MM,28,7/11/2022,ENV-COV-22-187,ENV_COV_22_187_S371.tsv
Gauteng,Johannesburg MM,28,7/11/2022,ENV-COV-22-188,ENV_COV_22_188_S372.tsv
Northern Cape,Namakwa DM,18,5/4/2022,ENV-COV-22-152,ENV-COV-22-152_S356.tsv
Gauteng,Tshwane MM,35,8/29/2023,ENV-COV-23-0742,ENV_COV_23_0742.tsv
Gauteng,Johannesburg MM,35,8/30/2023,ENV-COV-23-0748,ENV_COV_23_0748.tsv
Gauteng,Johannesburg MM,31,8/2/2023,ENV-COV-23-603,ENV_COV_23_603.tsv
Eastern Cape,Buffalo City MM,3,1/18/2022,ENV-COV-22-24,ENV_COV_22_24_S356.tsv
Free State,Mangaung MM,23,6/6/2023,ENV-COV-23-328,ENV_COV_23_328.tsv
Gauteng,Tshwane MM,20,5/19/2023,ENV-COV-23-223,ENV_COV_23_223.tsv
Gauteng,Johannesburg MM,48,11/29/2022,ENV-NIC-22-1020,ENV-NIC-22-1020_S278.tsv
Gauteng,Ekurhuleni MM,30,7/26/2022,ENV-COV-22-197,ENV_COV_22_197_S291.tsv
Free State,Mangaung MM,8,2/21/2023,ENV-COV-23-50,ENV_COV_23_50.tsv
Eastern Cape,Buffalo City MM,43,10/24/2023,ENV-COV-23-1056,ENV-COV-23-1056.tsv
KwaZulu-Natal,Ethekwini MM,37,9/10/2023,ENV-COV-23-0959,ENV_COV_23_0959.tsv
Gauteng,Ekurhuleni MM,22,5/29/2023,ENV-COV-23-264,ENV_COV_23_264.tsv
KwaZulu-Natal,Ethekwini MM,31,8/1/2022,ENV-COV-22-215,ENV_COV_22_215_S375.tsv
Gauteng,Tshwane MM,7,2/15/2022,ENV-COV-22-52,ENV_COV_22_52_S181.tsv
Gauteng,Tshwane MM,17,4/25/2023,ENV-COV-23-123,ENV_COV_23_123.tsv
Gauteng,Johannesburg MM,31,8/2/2023,ENV-COV-23-602,ENV_COV_23_602.tsv
Gauteng,Tshwane MM,17,4/25/2023,ENV-COV-23-122,ENV_COV_23_122.tsv
Gauteng,Johannesburg MM,39,9/27/2022,ENV-NIC-22-0766,ENV_NIC_22_0766_S74.tsv
Gauteng,Tshwane MM,16,4/19/2023,ENV-COV-23-106,ENV_COV_23_106.tsv
Gauteng,Ekurhuleni MM,43,10/23/2023,ENV-COV-23-1038,ENV-COV-23-1038.tsv
Gauteng,Tshwane MM,45,11/9/2023,ENV-COV-23-1144,ENV_COV_23_1144.tsv
Gauteng,Ekurhuleni MM,32,8/8/2023,ENV-COV-23-636,ENV_COV_23_636.tsv
Gauteng,Ekurhuleni MM,45,11/9/2023,ENV-COV-23-1136,ENV_COV_23_1136.tsv
Gauteng,Johannesburg MM,43,10/25/2023,ENV-COV-23-1050,ENV-COV-23-1050.tsv
Gauteng,Tshwane MM,31,8/3/2022,ENV-NIC-22-0626,ENV_NIC_22_0626_S366.tsv
Gauteng,Ekurhuleni MM,35,8/28/2023,ENV-COV-23-0732,ENV_COV_23_0732.tsv
Gauteng,Ekurhuleni MM,43,10/25/2022,ENV-NIC-22-0902,ENV-NIC-22-0902_S168.tsv
KwaZulu-Natal,Ethekwini MM,42,10/18/2021,ENV-COV-21-224,ENV_COV_21_224.tsv
Gauteng,Ekurhuleni MM,22,5/29/2023,ENV-COV-23-266,ENV_COV_23_266.tsv
Gauteng,Johannesburg MM,26,6/28/2023,ENV-COV-23-427,ENV-COV-23-427.tsv
Gauteng,Ekurhuleni MM,20,5/17/2022,ENV-COV-22-166,ENV_COV_22_166_S144.tsv
Gauteng,Tshwane MM,19,5/12/2023,ENV-COV-23-183,ENV_COV_23_183.tsv
Gauteng,Ekurhuleni MM,22,5/29/2023,ENV-COV-23-265,ENV_COV_23_265.tsv
Gauteng,Ekurhuleni MM,50,12/13/2022,ENV-COV-22-354,ENV-COV-22-354_S256.tsv
Gauteng,Johannesburg MM,39,9/27/2023,ENV-COV-23-0883,ENV-COV-23-0883.tsv
KwaZulu-Natal,Ethekwini MM,35,8/29/2022,ENV-COV-22-242,ENV_COV_22_242_S272.tsv
Gauteng,Johannesburg MM,21,5/24/2023,ENV-COV-23-246,ENV_COV_23_246.tsv
Gauteng,Tshwane MM,43,10/27/2023,ENV-COV-23-1069,ENV_COV_23_1069.tsv
KwaZulu-Natal,Ethekwini MM,3,1/17/2022,ENV-COV-22-21,ENV_COV_22_21_S353.tsv
Gauteng,Tshwane MM,32,8/8/2023,ENV-COV-23-632,ENV_COV_23_632.tsv
Free State,Mangaung MM,35,8/30/2022,ENV-COV-22-248,ENV_COV_22_248_S278.tsv
Gauteng,Johannesburg MM,46,11/15/2022,ENV-COV-22-323,ENV_COV_22_323_S292.tsv
Gauteng,Johannesburg MM,37,9/13/2022,ENV-COV-22-259,ENV_COV_22_259_S358.tsv
KwaZulu-Natal,Ethekwini MM,40,10/5/2021,ENV-COV-21-199,ENV_COV_21_199.tsv
Gauteng,Tshwane MM,37,9/14/2022,ENV-COV-22-261,ENV_COV_22_261_S360.tsv
Free State,Mangaung MM,46,11/15/2022,ENV-NIC-22-0962,ENV_NIC_22_0962_S299.tsv
KwaZulu-Natal,Ethekwini MM,38,9/19/2022,ENV-COV-22-263,ENV_COV_22_263_S365.tsv
KwaZulu-Natal,Ethekwini MM,49,12/7/2021,ENV-COV-21-290,ENV-COV-21-290_S342.tsv
Gauteng,Ekurhuleni MM,3,1/18/2022,ENV-COV-22-22,ENV_COV_22_22_S354.tsv
Gauteng,Tshwane MM,38,9/20/2022,ENV-COV-22-266,ENV_COV_22_266_S368.tsv
Gauteng,Tshwane MM,40,10/3/2023,ENV-COV-23-0912,ENV_COV_23_0912.tsv
Gauteng,Tshwane MM,39,9/28/2022,ENV-COV-22-273,ENV_COV_22_273_S80.tsv
Gauteng,Ekurhuleni MM,39,9/27/2022,ENV-COV-22-270,ENV_COV_22_270_S77.tsv
Gauteng,Ekurhuleni MM,11,3/14/2023,ENV-COV-23-67,ENV_COV_23_67.tsv
Gauteng,Tshwane MM,19,5/10/2023,ENV-COV-23-167,ENV_COV_23_167.tsv
Free State,Mangaung MM,4,1/25/2022,ENV-COV-22-27,ENV_COV_22_27_S361.tsv
Gauteng,Ekurhuleni MM,39,9/26/2023,ENV-COV-23-0884,ENV-COV-23-0884.tsv
Gauteng,Ekurhuleni MM,42,10/18/2022,ENV-COV-22-291,ENV_COV_22_291_S173.tsv
Gauteng,Tshwane MM,33,8/18/2023,ENV-COV-23-692,ENV-COV-23-692.tsv
Gauteng,Ekurhuleni MM,46,11/15/2022,ENV-COV-22-325,ENV_COV_22_325_S294.tsv
KwaZulu-Natal,Ethekwini MM,12,3/22/2023,ENV-NIC-23-0305,ENV_NIC_23_0305.tsv
Gauteng,Tshwane MM,40,10/6/2023,ENV-COV-23-0940,ENV_COV_23_0940.tsv
Free State,Mangaung MM,14,4/4/2023,ENV-COV-23-92,ENV_COV_23_92.tsv
Gauteng,Johannesburg MM,20,5/17/2023,ENV-COV-23-205,ENV_COV_23_205.tsv
Free State,Mangaung MM,39,9/28/2021,ENV-COV-21-193,ENV-COV-21-193_S30_L001.tsv
Gauteng,Ekurhuleni MM,44,11/2/2023,ENV-COV-23-1104,ENV_COV_23_1104.tsv
Gauteng,Ekurhuleni MM,29,7/20/2023,ENV-COV-23-545,ENV_COV_23_545.tsv
Gauteng,Tshwane MM,32,8/10/2022,ENV-COV-22-221,ENV_COV_22_221_S272.tsv
Gauteng,Ekurhuleni MM,45,11/8/2022,ENV-COV-22-313,ENV_COV_22_313_S123.tsv
Gauteng,Tshwane MM,22,5/30/2023,ENV-COV-23-275,ENV_COV_23_275.tsv
Free State,Mangaung MM,48,11/29/2022,ENV-COV-22-342,ENV-COV-22-342_S276.tsv
Gauteng,Ekurhuleni MM,6,2/8/2022,ENV-COV-22-44,ENV_COV_22_44_S164.tsv
Gauteng,Tshwane MM,45,11/9/2022,ENV-COV-22-318,ENV_COV_22_318_S128.tsv
Gauteng,Tshwane MM,22,5/30/2023,ENV-COV-23-274,ENV_COV_23_274.tsv
Western Cape,Cape Town MM,46,11/14/2022,ENV-COV-22-320,ENV_COV_22_320_S289.tsv
Gauteng,Ekurhuleni MM,36,9/7/2023,ENV-COV-23-0789,ENV_COV_23_0789.tsv
Gauteng,Tshwane MM,41,10/10/2023,ENV-COV-23-0951,ENV_COV_23_0951.tsv
Gauteng,Tshwane MM,9,3/1/2023,ENV-COV-23-55,ENV_COV_23_55.tsv
Gauteng,Ekurhuleni MM,35,8/30/2022,ENV-COV-22-239,ENV_COV_22_239_S269.tsv
Gauteng,Johannesburg MM,44,10/31/2023,ENV-COV-23-1084,ENV_COV_23_1084.tsv
Gauteng,Tshwane MM,14,4/4/2023,ENV-COV-23-84,ENV_COV_23_84.tsv
KwaZulu-Natal,Ethekwini MM,49,12/5/2022,ENV-COV-22-344,ENV_COV_22_344_S338.tsv
Gauteng,Johannesburg MM,38,9/20/2023,ENV-COV-23-0855,ENV-COV-23-0855.tsv
Gauteng,Ekurhuleni MM,20,5/16/2022,ENV-COV-22-162,ENV_COV_22_162_S140.tsv
Free State,Mangaung MM,38,9/19/2023,ENV-NIC-23-1047,ENV-NIC-23-1047.tsv
Gauteng,Ekurhuleni MM,24,6/14/2022,ENV-COV-22-177,ENV_COV_22_177_S369.tsv
Gauteng,Ekurhuleni MM,6,2/7/2022,ENV-COV-22-40,ENV_COV_22_40_S160.tsv
Gauteng,Tshwane MM,8,2/22/2023,ENV-COV-23-49,ENV_COV_23_49.tsv
Gauteng,Tshwane MM,6,2/8/2022,ENV-COV-22-42,ENV_COV_22_42_S162.tsv
Gauteng,Ekurhuleni MM,22,6/1/2023,ENV-COV-23-291,ENV_COV_23_291.tsv
Eastern Cape,Buffalo City MM,8,2/22/2022,ENV-COV-22-62,ENV-COV-22-62_S341_L001.tsv
Gauteng,Ekurhuleni MM,44,10/30/2023,ENV-COV-23-1081,ENV_COV_23_1081.tsv
KwaZulu-Natal,Ethekwini MM,47,11/21/2022,ENV-NIC-22-0988,ENV-NIC-22-0988_S277_L001.tsv
Gauteng,Ekurhuleni MM,41,10/9/2023,ENV-COV-23-0947,ENV_COV_23_0947.tsv
Gauteng,Tshwane MM,17,4/25/2023,ENV-COV-23-121,ENV_COV_23_121.tsv
Gauteng,Tshwane MM,33,8/15/2023,ENV-COV-23-660,ENV-COV-23-660.tsv
Gauteng,Johannesburg MM,35,8/30/2023,ENV-COV-23-0745,ENV_COV_23_0745.tsv
Gauteng,Tshwane MM,35,8/31/2022,ENV-COV-22-243,ENV_COV_22_243_S273.tsv
Gauteng,Tshwane MM,10,3/8/2023,ENV-COV-23-64,ENV_COV_23_64.tsv
Free State,Mangaung MM,20,5/17/2023,ENV-COV-23-211,ENV_COV_23_211.tsv
Gauteng,Tshwane MM,43,10/27/2023,ENV-COV-23-1074,ENV_COV_23_1074.tsv
Gauteng,Tshwane MM,18,5/2/2023,ENV-COV-23-131,COV_23_131.tsv
Gauteng,Johannesburg MM,40,10/4/2023,ENV-COV-23-0919,ENV_COV_23_0919.tsv
Gauteng,Ekurhuleni MM,43,10/26/2023,ENV-COV-23-1063,ENV-COV-23-1063.tsv
Eastern Cape,Nelson Mandela Bay MM,50,12/14/2021,ENV-NIC-21-664,ENV-NIC-21-664_S369.tsv
Free State,Mangaung MM,10,3/8/2022,ENV-COV-22-81,ENV_COV_22_81_S371.tsv
Gauteng,Ekurhuleni MM,25,6/19/2023,ENV-COV-23-376,ENV_COV_23_376.tsv
Gauteng,Ekurhuleni MM,11,3/14/2022,ENV-COV-22-85,ENV_COV_22_85_S354.tsv
Gauteng,Ekurhuleni MM,21,5/23/2023,ENV-COV-23-237,ENV_COV_23_237.tsv
Gauteng,Tshwane MM,28,7/11/2023,ENV-COV-23-489,ENV_COV_23_489.tsv
KwaZulu-Natal,Ethekwini MM,14,4/4/2022,ENV-COV-22-113,ENV_COV_22_113_S364.tsv
Gauteng,Johannesburg MM,46,11/15/2023,ENV-COV-23-1175,ENV_COV_23_1175.tsv
Gauteng,Tshwane MM,36,9/5/2023,ENV-COV-23-0772,ENV_COV_23_0772.tsv
Gauteng,Tshwane MM,11,3/15/2022,ENV-COV-22-90,ENV_COV_22_90_S359.tsv
KwaZulu-Natal,Ethekwini MM,9,2/27/2023,ENV-COV-23-53,ENV_COV_23_53.tsv
Gauteng,Ekurhuleni MM,46,11/15/2022,ENV-COV-22-324,ENV_COV_22_324_S293.tsv
Gauteng,Tshwane MM,21,5/26/2023,ENV-COV-23-260,ENV_COV_23_260.tsv
Gauteng,Johannesburg MM,24,6/14/2023,ENV-COV-23-365,ENV_COV_23_365.tsv
Gauteng,Johannesburg MM,13,3/28/2022,ENV-COV-22-99,ENV_COV_22_99_S368.tsv
Free State,Mangaung MM,8,2/21/2023,ENV-COV-23-51,ENV_COV_23_51.tsv
Gauteng,Tshwane MM,29,7/18/2023,ENV-COV-23-528,ENV_COV_23_528.tsv
Gauteng,Tshwane MM,34,8/25/2023,ENV-COV-23-0727,ENV_COV_23_0727.tsv
Gauteng,Johannesburg MM,24,6/14/2023,ENV-COV-23-364,ENV_COV_23_364.tsv
Gauteng,Johannesburg MM,16,4/20/2023,ENV-COV-23-114,ENV_COV_23_114.tsv
Gauteng,Tshwane MM,36,9/5/2023,ENV-COV-23-0777,ENV_COV_23_0777.tsv
Gauteng,Tshwane MM,14,4/4/2023,ENV-COV-23-91,ENV_COV_23_91.tsv
Gauteng,Ekurhuleni MM,26,6/29/2023,ENV-COV-23-433,ENV-COV-23-433.tsv
Gauteng,Ekurhuleni MM,32,8/10/2021,ENV-COV-21-121,COV-21-121_S295_L001.tsv
Gauteng,Ekurhuleni MM,37,9/13/2022,ENV-COV-22-257,ENV_COV_22_257_S356.tsv
Gauteng,Johannesburg MM,22,5/31/2023,ENV-COV-23-282,ENV_COV_23_282.tsv
Gauteng,Tshwane MM,42,10/20/2023,ENV-COV-23-1029,ENV-COV-23-1029.tsv
Gauteng,Johannesburg MM,38,9/20/2023,ENV-COV-23-0853,ENV-COV-23-0853.tsv
Free State,Mangaung MM,43,10/25/2022,ENV-COV-22-300,ENV-COV-22-300_S161.tsv
Gauteng,Johannesburg MM,46,11/15/2023,ENV-COV-23-1172,ENV_COV_23_1172.tsv
Western Cape,Cape Town MM,37,9/10/2023,ENV-COV-23-0960,ENV_COV_23_0960.tsv
KwaZulu-Natal,Ethekwini MM,2,1/10/2022,ENV-COV-22-8,ENV-COV-22-8_S378.tsv
Gauteng,Tshwane MM,31,8/3/2022,ENV-COV-22-216,ENV_COV_22_216_S377.tsv
Gauteng,Tshwane MM,41,10/10/2023,ENV-COV-23-0957,ENV_COV_23_0957.tsv
KwaZulu-Natal,Ethekwini MM,6,2/8/2022,ENV-COV-22-45,ENV_COV_22_45_S165.tsv
Free State,Mangaung MM,38,9/19/2023,ENV-NIC-23-1048,ENV-NIC-23-1048.tsv
Gauteng,Tshwane MM,20,5/16/2023,ENV-COV-23-200,ENV_COV_23_200.tsv
Gauteng,Ekurhuleni MM,20,5/15/2023,ENV-COV-23-191,ENV_COV_23_191.tsv
Gauteng,Tshwane MM,5,2/1/2022,ENV-COV-22-35,ENV-COV-22-35_S367_L001.tsv
Gauteng,Johannesburg MM,46,11/15/2023,ENV-COV-23-1173,ENV_COV_23_1173.tsv
KwaZulu-Natal,Ethekwini MM,8,2/20/2023,ENV-NIC-23-0192,ENV_NIC_23_0192.tsv
Gauteng,Ekurhuleni MM,36,9/4/2023,ENV-COV-23-0765,ENV_COV_23_0765.tsv
Gauteng,Ekurhuleni MM,38,9/20/2022,ENV-COV-22-262,ENV_COV_22_262_S364.tsv
Gauteng,Johannesburg MM,11,3/14/2022,ENV-COV-22-84,ENV_COV_22_84_S353.tsv
Eastern Cape,Buffalo City MM,5,2/1/2022,ENV-COV-22-39,ENV-COV-22-39_S370_L001.tsv
Gauteng,Johannesburg MM,41,10/11/2023,ENV-COV-23-0970,ENV_COV_23_0970.tsv
Gauteng,Tshwane MM,31,8/1/2023,ENV-COV-23-595,ENV_COV_23_595.tsv
Free State,Mangaung MM,16,4/19/2022,ENV-NIC-22-0229,ENV_NIC_22_0229_S315.tsv
Gauteng,Tshwane MM,16,4/19/2023,ENV-COV-23-112,ENV_COV_23_112.tsv
Gauteng,Ekurhuleni MM,32,8/10/2023,ENV-COV-23-641,ENV_COV_23_641.tsv
Gauteng,Tshwane MM,14,4/4/2023,ENV-COV-23-88,ENV_COV_23_88.tsv
North West,,43,10/26/2023,ENV-COV-23-1122,ENV_COV_23_1122.tsv
Gauteng,Tshwane MM,43,10/27/2023,ENV-COV-23-1071,ENV_COV_23_1071.tsv
Eastern Cape,Nelson Mandela Bay MM,28,7/10/2023,ENV-NIC-23-0790,ENV_NIC_23_0790.tsv
Gauteng,Tshwane MM,44,11/2/2022,ENV-COV-22-307,ENV_COV_22_307_S272.tsv
Gauteng,Tshwane MM,34,8/25/2023,ENV-COV-23-0728,ENV_COV_23_0728.tsv
Gauteng,Tshwane MM,39,9/26/2023,ENV-COV-23-0874,ENV-COV-23-0874.tsv
Gauteng,Johannesburg MM,20,5/17/2023,ENV-COV-23-209,ENV_COV_23_209.tsv
Gauteng,Johannesburg MM,39,9/29/2023,ENV-COV-23-0896,ENV_COV_23_0896.tsv
Gauteng,Tshwane MM,39,9/29/2023,ENV-COV-23-0897,ENV_COV_23_0897.tsv
Gauteng,Johannesburg MM,28,7/12/2023,ENV-COV-23-500,ENV_COV_23_500.tsv
Gauteng,Tshwane MM,35,8/29/2023,ENV-COV-23-0737,ENV_COV_23_0737.tsv
Northern Cape,Namakwa DM,38,9/21/2021,ENV-COV-21-187,ENV-COV-21-187_S25_L001.tsv
Gauteng,Tshwane MM,42,10/19/2022,ENV-COV-22-295,ENV_COV_22_295_S177.tsv
Gauteng,Tshwane MM,24,6/14/2022,ENV-COV-22-180,ENV_COV_22_180_S372.tsv
Gauteng,Tshwane MM,40,10/3/2023,ENV-COV-23-0911,ENV_COV_23_0911.tsv
Eastern Cape,Buffalo City MM,38,9/14/2023,ENV-COV-23-0848,ENV-COV-23-0848.tsv
Eastern Cape,Buffalo City MM,30,7/27/2023,ENV-COV-23-588,ENV_COV_23_588.tsv
Gauteng,Johannesburg MM,26,6/28/2023,ENV-COV-23-431,ENV-COV-23-431.tsv
Free State,Mangaung MM,19,5/10/2022,ENV-COV-22-159,ENV-COV-22-159_S363.tsv
Gauteng,Johannesburg MM,28,7/12/2023,ENV-COV-23-498,ENV_COV_23_498.tsv
Gauteng,Ekurhuleni MM,40,10/3/2023,ENV-COV-23-0930,ENV_COV_23_0930.tsv
KwaZulu-Natal,Ethekwini MM,39,9/26/2023,ENV-COV-23-0886,ENV-COV-23-0886.tsv
Gauteng,Ekurhuleni MM,38,9/18/2023,ENV-COV-23-0836,ENV-COV-23-0836.tsv
Gauteng,Tshwane MM,35,9/1/2023,ENV-COV-23-0758,ENV_COV_23_0758.tsv
Eastern Cape,Buffalo City MM,14,4/5/2022,ENV-COV-22-117,ENV_COV_22_117_S368.tsv
Gauteng,Ekurhuleni MM,35,8/30/2022,ENV-COV-22-240,ENV_COV_22_240_S270.tsv
Gauteng,Johannesburg MM,35,8/30/2023,ENV-COV-23-0747,ENV_COV_23_0747.tsv
Gauteng,Johannesburg MM,33,8/16/2023,ENV-COV-23-671,ENV-COV-23-671.tsv
Gauteng,Tshwane MM,40,10/6/2023,ENV-COV-23-0938,ENV_COV_23_0938.tsv
Gauteng,Tshwane MM,45,11/7/2023,ENV-COV-23-1124,ENV_COV_23_1124.tsv
KwaZulu-Natal,Ethekwini MM,9,2/28/2022,ENV-COV-22-68,ENV-COV-22-68_S370_L001.tsv
Eastern Cape,Buffalo City MM,7,2/15/2022,ENV-COV-22-57,ENV_COV_22_57_S186.tsv
Gauteng,Tshwane MM,21,5/26/2023,ENV-COV-23-257,ENV_COV_23_257.tsv
Gauteng,Tshwane MM,8,2/22/2022,ENV-NIC-22-0082,ENV-NIC-22-0082_S348_L001.tsv
Gauteng,Ekurhuleni MM,20,5/15/2023,ENV-COV-23-187,ENV_COV_23_187.tsv
Gauteng,Tshwane MM,51,12/21/2021,ENV-COV-21-303,ENV-COV-21-303_S363.tsv
Gauteng,Johannesburg MM,19,5/8/2023,ENV-COV-23-146,ENV_COV_23_146.tsv
Western Cape,Cape Town MM,46,11/14/2022,ENV-COV-22-322,ENV_COV_22_322_S291.tsv
Gauteng,Johannesburg MM,46,11/15/2023,ENV-COV-23-1171,ENV_COV_23_1171.tsv
Free State,Mangaung MM,39,9/28/2021,ENV-COV-21-194,ENV-COV-21-194_S31_L001.tsv
Gauteng,Tshwane MM,15,4/12/2023,ENV-COV-23-100,ENV_COV_23_100.tsv
Gauteng,Tshwane MM,17,4/25/2023,ENV-COV-23-122,COV_23_122.tsv
Gauteng,Ekurhuleni MM,44,10/24/2023,ENV-COV-23-1096,ENV_COV_23_1096.tsv
KwaZulu-Natal,Ethekwini MM,36,9/4/2023,ENV-COV-23-0771,ENV_COV_23_0771.tsv
Gauteng,Ekurhuleni MM,13,3/28/2023,ENV-COV-23-78,ENV_COV_23_78.tsv
Gauteng,Ekurhuleni MM,42,10/19/2023,ENV-COV-23-1026,ENV-COV-23-1026.tsv
Gauteng,Tshwane MM,13,3/29/2022,ENV-COV-22-105,ENV_COV_22_105_S374.tsv
Gauteng,Ekurhuleni MM,50,12/14/2021,ENV-COV-21-295,ENV-COV-21-295_S350.tsv
Gauteng,,8,2/19/2023,ENV-COV-23-48,ENV_COV_23_48.tsv
Gauteng,Tshwane MM,12,3/22/2022,ENV-NIC-22-0132,ENV_NIC_22_0132_S372.tsv
Gauteng,Tshwane MM,15,4/12/2022,ENV-COV-22-122,ENV_COV_22_122_S358.tsv
Gauteng,Tshwane MM,43,10/24/2023,ENV-COV-23-1040,ENV-COV-23-1040.tsv
Gauteng,Ekurhuleni MM,3,1/17/2023,ENV-COV-23-10,ENV_COV_23_10.tsv
Gauteng,Tshwane MM,41,10/10/2023,ENV-COV-23-0955,ENV_COV_23_0955.tsv
Free State,Mangaung MM,6,2/8/2022,ENV-COV-22-47,ENV_COV_22_47_S167.tsv
Gauteng,Ekurhuleni MM,16,4/18/2023,ENV-COV-23-105,ENV_COV_23_105.tsv
Gauteng,Ekurhuleni MM,4,1/24/2022,ENV-NIC-22-0024,ENV_NIC_22_0024_S364.tsv
Free State,Mangaung MM,31,8/2/2022,ENV-COV-22-219,ENV_COV_22_219_S363.tsv
Free State,Mangaung MM,35,8/30/2022,ENV-COV-22-244,ENV_COV_22_244_S274.tsv
Gauteng,Ekurhuleni MM,30,7/26/2022,ENV-NIC-22-0615,ENV_NIC_22_0615_S295.tsv
Eastern Cape,Nelson Mandela Bay MM,19,5/9/2023,ENV-NIC-23-0501,ENV_NIC_23_0501.tsv
Gauteng,Tshwane MM,40,10/6/2023,ENV-COV-23-0937,ENV_COV_23_0937.tsv
Gauteng,Johannesburg MM,36,9/6/2023,ENV-COV-23-0783,ENV_COV_23_0783.tsv
Gauteng,Johannesburg MM,24,6/13/2022,ENV-COV-22-179,ENV_COV_22_179_S371.tsv
Free State,Mangaung MM,9,2/28/2023,ENV-COV-23-54,ENV_COV_23_54.tsv
Gauteng,Tshwane MM,1,1/4/2022,ENV-COV-22-3,ENV-COV-22-3_S371.tsv
Gauteng,Tshwane MM,16,4/19/2023,ENV-COV-23-108,ENV_COV_23_108.tsv
Eastern Cape,Nelson Mandela Bay MM,41,10/11/2022,ENV-NIC-22-0811,ENV-NIC-22-0811_S209.tsv
Free State,Mangaung MM,48,11/29/2022,ENV-COV-22-343,ENV-COV-22-343_S277.tsv
Northern Cape,Namakwa DM,45,11/10/2021,ENV-COV-21-254,ENV_COV_21_254_S323.tsv
Northern Cape,Namakwa DM,46,11/16/2021,ENV-COV-21-265,COV-21-265_S82_L001.tsv
Gauteng,Tshwane MM,44,10/31/2023,ENV-COV-23-1085,ENV_COV_23_1085.tsv
Gauteng,Tshwane MM,18,5/2/2023,ENV-COV-23-133,ENV_COV_23_133.tsv
Gauteng,Tshwane MM,26,6/28/2022,ENV-COV-22-183,ENV_COV_22_183_S365.tsv
Free State,Mangaung MM,22,5/30/2023,ENV-COV-23-290,ENV_COV_23_290.tsv
Gauteng,Johannesburg MM,44,11/1/2023,ENV-COV-23-1092,ENV_COV_23_1092.tsv
Gauteng,Johannesburg MM,44,11/1/2023,ENV-COV-23-1093,ENV_COV_23_1093.tsv
Gauteng,Johannesburg MM,19,5/4/2023,ENV-COV-23-143,ENV_COV_23_143.tsv
Gauteng,Johannesburg MM,26,6/28/2023,ENV-COV-23-429,ENV-COV-23-429.tsv
Free State,Mangaung MM,4,1/25/2022,ENV-COV-22-28,ENV_COV_22_28_S362.tsv
Gauteng,Tshwane MM,43,10/26/2021,ENV-COV-21-229,COV_21_229_S303.tsv
KwaZulu-Natal,Ethekwini MM,4,1/24/2022,ENV-NIC-22-0028,ENV_NIC_22_0028_S366.tsv
Gauteng,Ekurhuleni MM,30,7/25/2023,ENV-COV-23-568,ENV_COV_23_568.tsv
KwaZulu-Natal,Ethekwini MM,18,5/3/2023,ENV-COV-23-140,COV_23_140.tsv
KwaZulu-Natal,Ethekwini MM,24,6/14/2023,ENV-COV-23-356,ENV_COV_23_356.tsv
Gauteng,Ekurhuleni MM,44,11/2/2023,ENV-COV-23-1105,ENV_COV_23_1105.tsv
Gauteng,Tshwane MM,44,11/3/2023,ENV-COV-23-1106,ENV_COV_23_1106.tsv
Western Cape,Cape Town MM,40,10/3/2023,ENV-COV-23-0936,ENV_COV_23_0936.tsv
Gauteng,Ekurhuleni MM,31,7/31/2023,ENV-COV-23-590,ENV_COV_23_590.tsv
Gauteng,Ekurhuleni MM,21,5/25/2023,ENV-COV-23-252,ENV_COV_23_252.tsv
Gauteng,Ekurhuleni MM,44,11/1/2022,ENV-NIC-22-0918,ENV_NIC_22_0918_S277.tsv
KwaZulu-Natal,Ethekwini MM,49,12/5/2022,ENV-COV-22-345,ENV_COV_22_345_S339.tsv
Gauteng,Ekurhuleni MM,45,11/6/2023,ENV-COV-23-1117,ENV_COV_23_1117.tsv
Gauteng,Tshwane MM,50,12/14/2022,ENV-COV-22-349,ENV-COV-22-349_S251.tsv
Free State,Mangaung MM,27,7/6/2021,ENV-COV-21-074,COV-21-074_S345_L001.tsv
North West,,43,10/26/2023,ENV-COV-23-1121,ENV_COV_23_1121.tsv
Gauteng,Tshwane MM,35,9/1/2023,ENV-COV-23-0762,ENV_COV_23_0762.tsv
Gauteng,Johannesburg MM,45,11/11/2023,ENV-COV-23-0972,ENV_COV_23_0972.tsv
Gauteng,Tshwane MM,33,8/15/2023,ENV-COV-23-661,ENV-COV-23-661.tsv
Gauteng,Ekurhuleni MM,45,11/7/2023,ENV-COV-23-1126,ENV_COV_23_1126.tsv
Gauteng,Ekurhuleni MM,45,11/7/2023,ENV-COV-23-1127,ENV_COV_23_1127.tsv
KwaZulu-Natal,Ethekwini MM,13,3/27/2023,ENV-COV-23-77,ENV_COV_23_77.tsv
Gauteng,Tshwane MM,40,10/6/2023,ENV-COV-23-0941,ENV_COV_23_0941.tsv
Gauteng,Ekurhuleni MM,43,10/26/2023,ENV-COV-23-1065,ENV-COV-23-1065.tsv
Gauteng,Tshwane MM,36,9/7/2022,ENV-COV-22-252,ENV-COV-22-252_S275.tsv
Eastern Cape,Nelson Mandela Bay MM,50,12/13/2022,ENV-NIC-22-1085,ENV-NIC-22-1085_S260.tsv
Gauteng,Ekurhuleni MM,20,5/15/2023,ENV-COV-23-186,ENV_COV_23_186.tsv
Gauteng,Tshwane MM,34,8/25/2022,ENV-NIC-22-0681,ENV_NIC_22_0681_S279.tsv
Gauteng,,43,10/24/2023,ENV-COV-23-1048,ENV-COV-23-1048.tsv
Gauteng,Ekurhuleni MM,31,8/3/2023,ENV-COV-23-614,ENV_COV_23_614.tsv
Northern Cape,Namakwa DM,48,12/1/2021,ENV-COV-21-285,ENV-COV-21-285_S337.tsv
Gauteng,Johannesburg MM,35,8/30/2023,ENV-COV-23-0743,ENV_COV_23_0743.tsv
Gauteng,Johannesburg MM,28,7/12/2023,ENV-COV-23-497,ENV_COV_23_497.tsv
Gauteng,Tshwane MM,45,11/10/2023,ENV-COV-23-1146,ENV_COV_23_1146.tsv
Gauteng,Tshwane MM,42,10/17/2023,ENV-COV-23-1008,ENV-COV-23-1008.tsv
Gauteng,Tshwane MM,30,7/28/2023,ENV-COV-23-583,ENV_COV_23_583.tsv
Gauteng,Ekurhuleni MM,42,10/16/2023,ENV-COV-23-0999,ENV-COV-23-0999.tsv
Gauteng,Ekurhuleni MM,46,11/13/2023,ENV-COV-23-1152,ENV_COV_23_1152.tsv
Gauteng,Ekurhuleni MM,46,11/13/2023,ENV-COV-23-1154,ENV_COV_23_1154.tsv
Gauteng,Ekurhuleni MM,40,10/3/2023,ENV-COV-23-0929,ENV_COV_23_0929.tsv
Gauteng,Ekurhuleni MM,28,7/12/2022,ENV-COV-22-189,ENV_COV_22_189_S373.tsv
Gauteng,Tshwane MM,46,11/14/2023,ENV-COV-23-1158,ENV_COV_23_1158.tsv
Gauteng,Johannesburg MM,16,4/20/2023,ENV-COV-23-116,ENV_COV_23_116.tsv
Gauteng,Tshwane MM,30,7/27/2022,ENV-COV-22-198,ENV_COV_22_198_S292.tsv
Gauteng,Johannesburg MM,49,12/6/2021,ENV-COV-21-287,ENV-COV-21-287_S339.tsv
Gauteng,Johannesburg MM,40,10/4/2023,ENV-COV-23-0914,ENV_COV_23_0914.tsv
Free State,Mangaung MM,2,1/11/2022,ENV-COV-22-14,ENV_COV_22_14_S343.tsv
Gauteng,Tshwane MM,16,4/19/2023,ENV-COV-23-110,ENV_COV_23_110.tsv
Gauteng,Ekurhuleni MM,46,11/17/2023,ENV-COV-23-1168,ENV_COV_23_1168.tsv
Eastern Cape,Nelson Mandela Bay MM,10,3/8/2022,ENV-NIC-22-0104,ENV_NIC_22_0104_S375.tsv
Gauteng,Tshwane MM,17,4/25/2023,ENV-COV-23-117,ENV_COV_23_117.tsv
Free State,Mangaung MM,2,1/11/2022,ENV-COV-22-13,ENV_COV_22_13_S342.tsv
Gauteng,Johannesburg MM,22,5/31/2022,ENV-COV-22-172,ENV_COV_22_172_S372.tsv
Gauteng,Tshwane MM,34,8/25/2023,ENV-COV-23-0726,ENV_COV_23_0726.tsv
Gauteng,Ekurhuleni MM,51,12/20/2022,ENV-COV-22-357,ENV-COV-22-357_S265.tsv
Gauteng,Ekurhuleni MM,45,11/9/2023,ENV-COV-23-1137,ENV_COV_23_1137.tsv
Gauteng,Tshwane MM,42,10/18/2023,ENV-COV-23-1019,ENV-COV-23-1019.tsv
Gauteng,Tshwane MM,17,4/25/2023,ENV-COV-23-119,ENV_COV_23_119.tsv
Free State,Mangaung MM,18,5/3/2022,ENV-COV-22-147,ENV_COV_22_147_S152.tsv
Gauteng,Tshwane MM,38,9/19/2023,ENV-COV-23-0843,ENV-COV-23-0843.tsv
Gauteng,Ekurhuleni MM,5,1/31/2022,ENV-COV-22-31,ENV-COV-22-31_S363_L001.tsv
Gauteng,Tshwane MM,33,8/15/2023,ENV-COV-23-666,ENV-COV-23-666.tsv
Gauteng,Johannesburg MM,17,4/26/2023,ENV-COV-23-127,ENV_COV_23_127.tsv
Gauteng,Johannesburg MM,31,8/2/2022,ENV-COV-22-214,ENV_COV_22_214_S374.tsv
Gauteng,Ekurhuleni MM,36,9/6/2022,ENV-COV-22-249,ENV-COV-22-249_S272.tsv
Eastern Cape,Nelson Mandela Bay MM,28,7/11/2023,ENV-NIC-23-0791,ENV_NIC_23_0791.tsv
Gauteng,Tshwane MM,33,8/18/2023,ENV-COV-23-687,ENV-COV-23-687.tsv
Gauteng,Tshwane MM,28,7/12/2022,ENV-COV-22-190,ENV_COV_22_190_S374.tsv
Eastern Cape,Buffalo City MM,17,4/26/2022,ENV-COV-22-142,ENV_COV_22_142_S321.tsv
Eastern Cape,Buffalo City MM,43,10/25/2022,ENV-COV-22-302,ENV-COV-22-302_S163.tsv
Gauteng,Johannesburg MM,19,5/8/2023,ENV-COV-23-147,ENV_COV_23_147.tsv
Free State,Mangaung MM,20,5/17/2022,ENV-NIC-22-0322,ENV_NIC_22_0322_S148.tsv
Gauteng,Tshwane MM,12,3/22/2023,ENV-COV-23-72,ENV_COV_23_72.tsv
Gauteng,Ekurhuleni MM,12,3/22/2023,ENV-NIC-23-0292,ENV_NIC_23_0292.tsv
Gauteng,Tshwane MM,7,2/15/2022,ENV-COV-22-53,ENV_COV_22_53_S182.tsv
Northern Cape,Namakwa DM,10,3/9/2022,ENV-COV-22-83,ENV_COV_22_83_S352.tsv
Free State,Mangaung MM,39,9/26/2023,ENV-COV-23-0885,ENV-COV-23-0885.tsv
Gauteng,Tshwane MM,29,7/20/2022,ENV-COV-22-195,ENV_COV_22_195_S372.tsv
Gauteng,Ekurhuleni MM,14,4/4/2022,ENV-COV-22-111,ENV_COV_22_111_S186.tsv
Eastern Cape,Nelson Mandela Bay MM,41,10/11/2022,ENV-NIC-22-0812,ENV-NIC-22-0812_S210.tsv
Gauteng,Tshwane MM,42,10/17/2023,ENV-COV-23-1007,ENV-COV-23-1007.tsv
Gauteng,Ekurhuleni MM,19,5/10/2023,ENV-COV-23-160,ENV_COV_23_160.tsv
Gauteng,Tshwane MM,41,10/10/2023,ENV-COV-23-0953,ENV_COV_23_0953.tsv
Gauteng,Tshwane MM,18,5/3/2022,ENV-COV-22-144,ENV_COV_22_144_S330.tsv
Eastern Cape,Buffalo City MM,31,8/1/2023,ENV-COV-23-608,ENV_COV_23_608.tsv
Gauteng,Ekurhuleni MM,19,5/10/2023,ENV-COV-23-165,ENV_COV_23_165.tsv
Gauteng,Ekurhuleni MM,15,4/11/2022,ENV-COV-22-121,ENV_COV_22_121_S357.tsv
Gauteng,Johannesburg MM,16,4/20/2023,ENV-COV-23-115,ENV_COV_23_115.tsv
Gauteng,Tshwane MM,33,8/15/2023,ENV-COV-23-665,ENV-COV-23-665.tsv
Gauteng,Ekurhuleni MM,31,8/3/2023,ENV-COV-23-611,ENV_COV_23_611.tsv
Gauteng,Tshwane MM,19,5/9/2023,ENV-COV-23-151,ENV_COV_23_151.tsv
Gauteng,Ekurhuleni MM,10,3/7/2023,ENV-COV-23-60,ENV_COV_23_60.tsv
Gauteng,Tshwane MM,31,8/1/2023,ENV-COV-23-598,ENV_COV_23_598.tsv
KwaZulu-Natal,Ethekwini MM,6,2/7/2022,ENV-COV-22-46,ENV_COV_22_46_S166.tsv
Gauteng,Tshwane MM,45,11/10/2023,ENV-COV-23-1148,ENV_COV_23_1148.tsv
Eastern Cape,Buffalo City MM,12,3/22/2022,ENV-COV-22-98,ENV_COV_22_98_S371.tsv
KwaZulu-Natal,Ethekwini MM,45,11/7/2022,ENV-COV-22-315,ENV_COV_22_315_S125.tsv
Gauteng,Ekurhuleni MM,33,8/15/2023,ENV-COV-23-668,ENV-COV-23-668.tsv
Gauteng,Tshwane MM,16,4/19/2023,ENV-COV-23-109,ENV_COV_23_109.tsv
Gauteng,Ekurhuleni MM,45,11/9/2023,ENV-COV-23-1139,ENV_COV_23_1139.tsv
Eastern Cape,Buffalo City MM,33,8/17/2023,ENV-COV-23-685,ENV-COV-23-685.tsv
Free State,Mangaung MM,1,1/4/2022,ENV-COV-22-4,ENV-COV-22-4_S372.tsv
KwaZulu-Natal,Ethekwini MM,32,8/7/2023,ENV-COV-23-644,ENV_COV_23_644.tsv
Gauteng,Johannesburg MM,41,10/11/2023,ENV-COV-23-0969,ENV_COV_23_0969.tsv
Gauteng,Tshwane MM,38,9/19/2023,ENV-COV-23-0844,ENV-COV-23-0844.tsv
Gauteng,Ekurhuleni MM,38,9/18/2023,ENV-COV-23-0835,ENV-COV-23-0835.tsv
KwaZulu-Natal,Ethekwini MM,48,11/28/2022,ENV-COV-22-341,ENV-COV-22-341_S275.tsv
Gauteng,Tshwane MM,50,12/14/2021,ENV-COV-21-299,ENV-COV-21-299_S354.tsv
Eastern Cape,Nelson Mandela Bay MM,10,3/6/2023,ENV-NIC-23-0281,ENV_NIC_23_0281.tsv
Eastern Cape,Buffalo City MM,39,9/28/2023,ENV-COV-23-0928,ENV_COV_23_0928.tsv
Free State,Mangaung MM,21,5/23/2023,ENV-COV-23-285,ENV_COV_23_285.tsv
Gauteng,Johannesburg MM,36,9/6/2023,ENV-COV-23-0780,ENV_COV_23_0780.tsv
Gauteng,Ekurhuleni MM,20,5/18/2023,ENV-COV-23-214,ENV_COV_23_214.tsv
Gauteng,Johannesburg MM,43,10/25/2023,ENV-COV-23-1051,ENV-COV-23-1051.tsv
Gauteng,Tshwane MM,22,5/31/2022,ENV-COV-22-170,ENV_COV_22_170_S370.tsv
Gauteng,Tshwane MM,34,8/25/2022,ENV-COV-22-237,ENV_COV_22_237_S267.tsv
Gauteng,Ekurhuleni MM,44,10/30/2023,ENV-COV-23-1078,ENV_COV_23_1078.tsv
Eastern Cape,Buffalo City MM,8,2/22/2022,ENV-COV-22-61,ENV-COV-22-61_S340_L001.tsv
Gauteng,Ekurhuleni MM,42,10/16/2023,ENV-COV-23-0996,ENV-COV-23-0996.tsv
Gauteng,Tshwane MM,20,5/19/2023,ENV-COV-23-227,ENV_COV_23_227.tsv
Gauteng,Ekurhuleni MM,33,8/16/2022,ENV-COV-22-229,ENV_COV_22_229_S164.tsv
Gauteng,Johannesburg MM,42,10/18/2023,ENV-COV-23-1016,ENV-COV-23-1016.tsv
Gauteng,Ekurhuleni MM,28,7/13/2023,ENV-COV-23-504,ENV_COV_23_504.tsv
Gauteng,Johannesburg MM,20,5/16/2022,ENV-COV-22-161,ENV_COV_22_161_S139.tsv
Gauteng,Ekurhuleni MM,21,5/22/2023,ENV-COV-23-235,ENV_COV_23_235.tsv
Gauteng,Ekurhuleni MM,13,3/29/2022,ENV-COV-22-101,ENV_COV_22_101_S370.tsv
Free State,Mangaung MM,18,5/3/2022,ENV-COV-22-148,ENV_COV_22_148_S334.tsv
Gauteng,Tshwane MM,43,10/26/2022,ENV-NIC-22-0903,ENV-NIC-22-0903_S169.tsv
Gauteng,Tshwane MM,10,3/8/2022,ENV-COV-22-76,ENV_COV_22_76_S367.tsv
Free State,Mangaung MM,39,9/27/2022,ENV-COV-22-271,ENV_COV_22_271_S78.tsv
KwaZulu-Natal,Ethekwini MM,17,4/24/2023,ENV-NIC-23-0459,ENV_NIC_23_0459.tsv
Western Cape,Cape Town MM,6,2/7/2022,ENV-NIC-22-0052,ENV_NIC_22_0052_S169.tsv
Gauteng,Johannesburg MM,33,8/16/2023,ENV-COV-23-675,ENV-COV-23-675.tsv
Eastern Cape,Buffalo City MM,34,8/24/2023,ENV-COV-23-0729,ENV_COV_23_0729.tsv
Eastern Cape,Buffalo City MM,11,3/15/2022,ENV-COV-22-91,ENV_COV_22_91_S360.tsv
Gauteng,Tshwane MM,21,5/24/2022,ENV-NIC-22-0391,ENV_NIC_22_0391_S368.tsv
Gauteng,Johannesburg MM,21,5/24/2023,ENV-COV-23-249,ENV_COV_23_249.tsv
Gauteng,Johannesburg MM,26,6/28/2023,ENV-COV-23-430,ENV-COV-23-430.tsv
Gauteng,Ekurhuleni MM,42,10/19/2023,ENV-COV-23-1022,ENV-COV-23-1022.tsv
Gauteng,Tshwane MM,45,11/8/2023,ENV-COV-23-1142,ENV_COV_23_1142.tsv
Gauteng,Tshwane MM,20,5/17/2023,ENV-COV-23-212,ENV_COV_23_212.tsv
Gauteng,Johannesburg MM,33,8/16/2022,ENV-COV-22-228,ENV_COV_22_228_S163.tsv
Free State,Mangaung MM,13,3/29/2022,ENV-COV-22-106,ENV_COV_22_106_S375.tsv
Gauteng,Ekurhuleni MM,43,10/23/2023,ENV-COV-23-1037,ENV-COV-23-1037.tsv
Gauteng,Tshwane MM,47,11/23/2022,ENV-COV-22-332,ENV-COV-22-332_S272_L001.tsv
Gauteng,Tshwane MM,44,10/31/2023,ENV-COV-23-1087,ENV_COV_23_1087.tsv
Gauteng,Johannesburg MM,42,10/18/2023,ENV-COV-23-1015,ENV-COV-23-1015.tsv
Gauteng,Tshwane MM,33,8/17/2022,ENV-COV-22-231,ENV_COV_22_231_S166.tsv
Gauteng,Ekurhuleni MM,22,5/29/2023,ENV-COV-23-267,ENV_COV_23_267.tsv
Gauteng,Tshwane MM,20,5/19/2023,ENV-COV-23-220,ENV_COV_23_220.tsv
Gauteng,Johannesburg MM,36,9/6/2023,ENV-COV-23-0779,ENV_COV_23_0779.tsv
Gauteng,Tshwane MM,35,9/1/2023,ENV-COV-23-0761,ENV_COV_23_0761.tsv
Gauteng,Johannesburg MM,39,9/27/2023,ENV-COV-23-0879,ENV-COV-23-0879.tsv
Free State,Mangaung MM,5,2/1/2022,ENV-COV-22-36,ENV-COV-22-36_S368_L001.tsv
Gauteng,Ekurhuleni MM,20,5/18/2023,ENV-COV-23-217,ENV_COV_23_217.tsv
Gauteng,Ekurhuleni MM,9,3/1/2022,ENV-NIC-22-0088,ENV-NIC-22-0088_S375_L001.tsv
Gauteng,Ekurhuleni MM,38,9/21/2023,ENV-COV-23-0857,ENV-COV-23-0857.tsv
Gauteng,Tshwane MM,22,5/31/2023,ENV-COV-23-288,ENV_COV_23_288.tsv
Gauteng,Tshwane MM,20,5/17/2023,ENV-COV-23-236,ENV_COV_23_236.tsv
Gauteng,Ekurhuleni MM,24,6/13/2022,ENV-COV-22-178,ENV_COV_22_178_S370.tsv
Gauteng,Tshwane MM,6,2/8/2022,ENV-COV-22-43,ENV_COV_22_43_S163.tsv
Gauteng,Ekurhuleni MM,32,8/8/2023,ENV-COV-23-635,ENV_COV_23_635.tsv
Gauteng,Ekurhuleni MM,32,8/7/2023,ENV-COV-23-624,ENV_COV_23_624.tsv
Eastern Cape,Nelson Mandela Bay MM,32,8/10/2022,ENV-NIC-22-0645,ENV_NIC_22_0645_S169.tsv
Gauteng,Johannesburg MM,23,6/7/2023,ENV-COV-23-322,ENV_COV_23_322.tsv
Eastern Cape,Buffalo City MM,41,10/12/2023,ENV-COV-23-0995,ENV-COV-23-0995.tsv
Gauteng,Tshwane MM,32,8/10/2022,ENV-COV-22-222,ENV_COV_22_222_S273.tsv
Gauteng,Johannesburg MM,23,6/7/2023,ENV-COV-23-325,ENV_COV_23_325.tsv
KwaZulu-Natal,Ethekwini MM,18,5/3/2023,ENV-COV-23-141,COV_23_141.tsv
Eastern Cape,Buffalo City MM,40,10/5/2023,ENV-COV-23-0949,ENV_COV_23_0949.tsv
Gauteng,Tshwane MM,35,8/31/2022,ENV-COV-22-245,ENV_COV_22_245_S275.tsv
Western Cape,Cape Town MM,15,4/12/2021,ENV-NIC-21-0146,ENV_NIC_21-0146_S194_L001.tsv
Gauteng,Tshwane MM,17,4/25/2023,ENV-COV-23-120,COV_23_120.tsv
Gauteng,Tshwane MM,44,10/31/2023,ENV-COV-23-1083,ENV_COV_23_1083.tsv
KwaZulu-Natal,Ethekwini MM,24,6/14/2023,ENV-COV-23-357,ENV_COV_23_357.tsv
Gauteng,Tshwane MM,32,8/11/2023,ENV-COV-23-649,ENV-COV-23-649.tsv
Free State,Mangaung MM,1,1/4/2022,ENV-COV-22-5,ENV-COV-22-5_S373.tsv
Gauteng,Tshwane MM,46,11/16/2022,ENV-COV-22-329,ENV_COV_22_329_S297.tsv
Gauteng,Johannesburg MM,36,9/6/2023,ENV-COV-23-0784,ENV_COV_23_0784.tsv
Eastern Cape,Buffalo City MM,45,11/8/2022,ENV-NIC-22-0934,ENV_NIC_22_0934_S130.tsv
Gauteng,Tshwane MM,25,6/20/2023,ENV-COV-23-378,ENV_COV_23_378.tsv
KwaZulu-Natal,Ethekwini MM,20,5/16/2022,ENV-COV-22-163,ENV_COV_22_163_S141.tsv
Free State,Mangaung MM,38,9/20/2022,ENV-NIC-22-0756,ENV_NIC_22_0756_S371.tsv
Gauteng,Ekurhuleni MM,33,8/14/2023,ENV-COV-23-656,ENV-COV-23-656.tsv
Gauteng,Johannesburg MM,6,2/7/2022,ENV-COV-22-41,ENV_COV_22_41_S161.tsv
Gauteng,Tshwane MM,28,7/11/2023,ENV-COV-23-491,ENV_COV_23_491.tsv
Gauteng,Ekurhuleni MM,33,8/17/2023,ENV-COV-23-679,ENV-COV-23-679.tsv
Gauteng,Ekurhuleni MM,29,7/18/2023,ENV-COV-23-530,ENV_COV_23_530.tsv
Gauteng,Johannesburg MM,43,10/25/2023,ENV-COV-23-1049,ENV-COV-23-1049.tsv
Gauteng,Johannesburg MM,46,11/15/2023,ENV-COV-23-1170,ENV_COV_23_1170.tsv
Gauteng,Tshwane MM,39,9/29/2023,ENV-COV-23-0898,ENV_COV_23_0898.tsv
Gauteng,Tshwane MM,28,7/12/2023,ENV-COV-23-501,ENV_COV_23_501.tsv
Free State,Mangaung MM,33,8/16/2022,ENV-NIC-22-0646,ENV_NIC_22_0646_S170.tsv
Gauteng,Tshwane MM,24,6/13/2023,ENV-COV-23-352,ENV_COV_23_352.tsv
Gauteng,Tshwane MM,37,9/15/2023,ENV-COV-23-0828,ENV-COV-23-0828.tsv
Gauteng,Tshwane MM,4,1/25/2022,ENV-COV-22-26,ENV_COV_22_26_S360.tsv
Gauteng,Johannesburg MM,24,6/14/2023,ENV-COV-23-367,ENV_COV_23_367.tsv
Gauteng,Johannesburg MM,9,2/28/2022,ENV-COV-22-65,ENV-COV-22-65_S367_L001.tsv
Gauteng,Johannesburg MM,19,5/8/2023,ENV-COV-23-149,ENV_COV_23_149.tsv
Free State,Mangaung MM,12,3/22/2023,ENV-COV-23-74,ENV_COV_23_74.tsv
Gauteng,Tshwane MM,46,11/16/2022,ENV-COV-22-330,ENV_COV_22_330_S298.tsv
Gauteng,Tshwane MM,11,3/15/2023,ENV-COV-23-71,ENV_COV_23_71.tsv
Gauteng,Ekurhuleni MM,23,6/8/2023,ENV-COV-23-333,ENV_COV_23_333.tsv
Gauteng,Johannesburg MM,33,8/15/2023,ENV-COV-23-672,ENV-COV-23-672.tsv
Gauteng,Johannesburg MM,29,7/19/2023,ENV-COV-23-535,ENV_COV_23_535.tsv
Eastern Cape,Buffalo City MM,49,12/7/2021,ENV-NIC-21-635,ENV-NIC-21-635_S356.tsv
Free State,Mangaung MM,50,12/14/2021,ENV-COV-21-300,ENV-COV-21-300_S355.tsv
Gauteng,Tshwane MM,22,5/31/2022,ENV-COV-22-169,ENV_COV_22_169_S369.tsv
Gauteng,Ekurhuleni MM,20,5/18/2023,ENV-COV-23-219,ENV_COV_23_219.tsv
KwaZulu-Natal,Ethekwini MM,29,7/18/2023,ENV-COV-23-541,ENV_COV_23_541.tsv
Gauteng,Ekurhuleni MM,37,9/13/2022,ENV-COV-22-258,ENV_COV_22_258_S357.tsv
Eastern Cape,Buffalo City MM,38,9/20/2022,ENV-COV-22-268,ENV_COV_22_268_S369.tsv
Gauteng,Ekurhuleni MM,31,8/3/2023,ENV-COV-23-613,ENV_COV_23_613.tsv
Gauteng,Ekurhuleni MM,31,8/1/2023,ENV-COV-23-600,ENV_COV_23_600.tsv
Free State,Mangaung MM,36,9/5/2023,ENV-COV-23-0787,ENV_COV_23_0787.tsv
Gauteng,Ekurhuleni MM,22,5/31/2022,ENV-COV-22-171,ENV_COV_22_171_S371.tsv
Gauteng,Tshwane MM,30,7/25/2023,ENV-COV-23-565,ENV_COV_23_565.tsv
Gauteng,Tshwane MM,16,4/19/2023,ENV-COV-23-111,ENV_COV_23_111.tsv
Gauteng,Johannesburg MM,19,5/4/2023,ENV-COV-23-144,ENV_COV_23_144.tsv
Gauteng,Tshwane MM,44,11/1/2023,ENV-COV-23-1097,ENV_COV_23_1097.tsv
Gauteng,Tshwane MM,5,2/1/2022,ENV-NIC-22-0044,ENV-NIC-22-0044_S371_L001.tsv
Gauteng,Johannesburg MM,29,7/19/2023,ENV-COV-23-536,ENV_COV_23_536.tsv
Gauteng,Ekurhuleni MM,16,4/19/2022,ENV-COV-22-133,ENV-COV-22-133_S373.tsv
Gauteng,Johannesburg MM,32,8/11/2022,ENV-COV-22-224,ENV_COV_22_224_S275.tsv
Gauteng,Johannesburg MM,30,7/26/2023,ENV-COV-23-573,ENV_COV_23_573.tsv
Gauteng,Tshwane MM,35,9/1/2023,ENV-COV-23-0759,ENV_COV_23_0759.tsv
Gauteng,Ekurhuleni MM,33,8/19/2023,ENV-COV-23-681,ENV-COV-23-681.tsv
Western Cape,Cape Town MM,11,3/13/2023,ENV-NIC-23-0280,ENV_NIC_23_0280.tsv
Free State,Mangaung MM,10,3/7/2023,ENV-COV-23-58,ENV_COV_23_58.tsv
Free State,Mangaung MM,41,10/11/2022,ENV-COV-22-288,ENV-COV-22-288_S204.tsv
Eastern Cape,Nelson Mandela Bay MM,19,5/10/2022,ENV-NIC-22-0313,ENV-NIC-22-0313_S368.tsv
Gauteng,Tshwane MM,30,7/28/2023,ENV-COV-23-587,ENV_COV_23_587.tsv
Gauteng,Tshwane MM,18,5/2/2023,ENV-COV-23-132,ENV_COV_23_132.tsv
Gauteng,Ekurhuleni MM,48,11/29/2022,ENV-COV-22-339,ENV-COV-22-339_S273.tsv
Free State,Mangaung MM,10,3/7/2023,ENV-COV-23-59,ENV_COV_23_59.tsv
Eastern Cape,Buffalo City MM,43,10/26/2021,ENV-COV-21-233,COV_21_233_S306.tsv
Gauteng,Ekurhuleni MM,11,3/15/2022,ENV-COV-22-86,ENV_COV_22_86_S355.tsv
Gauteng,Johannesburg MM,51,12/20/2021,ENV-COV-21-302,ENV-COV-21-302_S362.tsv
Gauteng,Tshwane MM,42,10/20/2023,ENV-COV-23-1033,ENV-COV-23-1033.tsv
Gauteng,Ekurhuleni MM,33,8/14/2023,ENV-COV-23-655,ENV-COV-23-655.tsv
Gauteng,Ekurhuleni MM,35,8/31/2021,ENV-COV-21-144,ENV_cov_21_144.tsv
Gauteng,Tshwane MM,45,11/9/2022,ENV-COV-22-319,ENV_COV_22_319_S129.tsv
Gauteng,Tshwane MM,38,9/22/2022,ENV-COV-22-269,ENV_COV_22_269_S76.tsv
Free State,Mangaung MM,43,10/24/2023,ENV-COV-23-1057,ENV-COV-23-1057.tsv
Gauteng,Tshwane MM,19,5/9/2023,ENV-COV-23-158,ENV_COV_23_158.tsv
Gauteng,Tshwane MM,28,7/12/2022,ENV-COV-22-191,ENV_COV_22_191_S375.tsv
Gauteng,Ekurhuleni MM,8,2/22/2022,ENV-COV-22-59,ENV-COV-22-59_S338_L001.tsv
Gauteng,Ekurhuleni MM,25,6/19/2023,ENV-COV-23-374,ENV_COV_23_374.tsv
Gauteng,Ekurhuleni MM,9,2/28/2023,ENV-NIC-23-0226,ENV_NIC_23_0226.tsv
Gauteng,Tshwane MM,36,9/5/2023,ENV-COV-23-0776,ENV_COV_23_0776.tsv
Gauteng,Johannesburg MM,31,8/2/2023,ENV-COV-23-609,ENV_COV_23_609.tsv
Eastern Cape,Buffalo City MM,6,2/8/2022,ENV-NIC-22-0054,ENV_NIC_22_0054_S171.tsv
KwaZulu-Natal,Ethekwini MM,13,3/28/2022,ENV-COV-22-102,ENV_COV_22_102_S371.tsv
KwaZulu-Natal,Ethekwini MM,51,12/19/2022,ENV-COV-22-355,ENV-COV-22-355_S263.tsv
Gauteng,Johannesburg MM,31,8/2/2023,ENV-COV-23-604,ENV_COV_23_604.tsv
KwaZulu-Natal,Ethekwini MM,12,3/22/2022,ENV-NIC-22-0145,ENV_NIC_22_0145_S375.tsv
KwaZulu-Natal,Ethekwini MM,40,10/2/2023,ENV-COV-23-0935,ENV_COV_23_0935.tsv
Gauteng,Ekurhuleni MM,32,8/7/2023,ENV-COV-23-622,ENV_COV_23_622.tsv
Gauteng,Ekurhuleni MM,32,8/7/2023,ENV-COV-23-625,ENV_COV_23_625.tsv
KwaZulu-Natal,Ethekwini MM,36,9/5/2022,ENV-COV-22-250,ENV-COV-22-250_S273.tsv
KwaZulu-Natal,Ethekwini MM,10,3/6/2023,ENV-COV-23-63,ENV_COV_23_63.tsv
Gauteng,Ekurhuleni MM,45,11/6/2023,ENV-COV-23-1115,ENV_COV_23_1115.tsv
Gauteng,Johannesburg MM,19,5/11/2023,ENV-COV-23-177,ENV_COV_23_177.tsv
Gauteng,Johannesburg MM,19,5/8/2023,ENV-COV-23-145,ENV_COV_23_145.tsv
Gauteng,Johannesburg MM,26,6/28/2023,ENV-COV-23-428,ENV-COV-23-428.tsv
Gauteng,Ekurhuleni MM,32,8/10/2023,ENV-COV-23-637,ENV_COV_23_637.tsv
Gauteng,Ekurhuleni MM,39,9/28/2023,ENV-COV-23-0895,ENV_COV_23_0895.tsv
Gauteng,Ekurhuleni MM,20,5/15/2023,ENV-COV-23-192,ENV_COV_23_192.tsv
Gauteng,Tshwane MM,38,9/22/2023,ENV-COV-23-0867,ENV-COV-23-0867.tsv
Gauteng,Ekurhuleni MM,12,3/22/2022,ENV-NIC-22-0134,ENV_NIC_22_0134_S374.tsv
Gauteng,Tshwane MM,43,10/27/2023,ENV-COV-23-1068,ENV_COV_23_1068.tsv
Free State,Mangaung MM,42,10/18/2022,ENV-NIC-22-0830,ENV_NIC_22_0830_S183.tsv
Eastern Cape,Nelson Mandela Bay MM,50,12/14/2021,ENV-NIC-21-663,ENV-NIC-21-663_S368.tsv
Gauteng,Tshwane MM,18,5/3/2022,ENV-NIC-22-0272,ENV_NIC_22_0272_S157.tsv
Free State,Mangaung MM,44,11/1/2022,ENV-COV-22-311,ENV_COV_22_311_S275.tsv
KwaZulu-Natal,Ethekwini MM,11,3/13/2023,ENV-COV-23-70,ENV_COV_23_70.tsv
Gauteng,Tshwane MM,14,4/5/2023,ENV-NIC-23-0351,ENV_NIC_23_0351.tsv
Gauteng,Johannesburg MM,23,6/7/2023,ENV-COV-23-326,ENV_COV_23_326.tsv
Free State,Mangaung MM,12,3/21/2023,ENV-COV-23-73,ENV_COV_23_73.tsv
Free State,Mangaung MM,20,5/17/2023,ENV-COV-23-210,ENV_COV_23_210.tsv
Gauteng,Tshwane MM,20,5/16/2023,ENV-COV-23-196,ENV_COV_23_196.tsv
KwaZulu-Natal,Ethekwini MM,13,3/27/2023,ENV-COV-23-76,ENV_COV_23_76.tsv
Free State,Mangaung MM,20,5/17/2022,ENV-NIC-22-0321,ENV_NIC_22_0321_S147.tsv
Gauteng,,41,10/10/2023,ENV-COV-23-0962,ENV_COV_23_0962.tsv
Gauteng,Johannesburg MM,45,11/8/2023,ENV-COV-23-1132,ENV_COV_23_1132.tsv
Gauteng,Tshwane MM,13,3/29/2023,ENV-COV-23-80,ENV_COV_23_80.tsv
Gauteng,Johannesburg MM,43,10/25/2023,ENV-COV-23-1054,ENV-COV-23-1054.tsv
Free State,Mangaung MM,13,3/28/2023,ENV-COV-23-82,ENV_COV_23_82.tsv
KwaZulu-Natal,Ethekwini MM,14,4/3/2023,ENV-COV-23-85,ENV_COV_23_85.tsv
Gauteng,Tshwane MM,36,9/6/2023,ENV-COV-23-0788,ENV_COV_23_0788.tsv
Gauteng,Ekurhuleni MM,39,9/28/2023,ENV-COV-23-0891,ENV_COV_23_0891.tsv
Gauteng,Tshwane MM,23,6/7/2023,ENV-COV-23-327,ENV_COV_23_327.tsv
Gauteng,Ekurhuleni MM,32,8/10/2022,ENV-COV-22-223,ENV_COV_22_223_S274.tsv
Gauteng,Tshwane MM,10,3/8/2022,ENV-COV-22-80,ENV_COV_22_80_S370.tsv
Gauteng,Tshwane MM,14,4/5/2023,ENV-COV-23-94,ENV_COV_23_94.tsv
KwaZulu-Natal,Ethekwini MM,15,4/11/2023,ENV-COV-23-96,ENV_COV_23_96.tsv
Western Cape,Cape Town MM,10,3/7/2022,ENV-NIC-22-0101,ENV_NIC_22_0101_S355.tsv
Gauteng,Tshwane MM,33,8/17/2022,ENV-COV-22-232,ENV_COV_22_232_S167.tsv
Free State,Mangaung MM,3,1/18/2022,ENV-NIC-22-0023,ENV_NIC_22_0023_S358.tsv
Gauteng,Ekurhuleni MM,19,5/10/2023,ENV-COV-23-164,ENV_COV_23_164.tsv
Gauteng,Johannesburg MM,4,1/24/2022,ENV-NIC-22-0025,ENV_NIC_22_0025_S365.tsv
Gauteng,Ekurhuleni MM,44,11/2/2023,ENV-COV-23-1100,ENV_COV_23_1100.tsv
KwaZulu-Natal,Ethekwini MM,4,1/24/2022,ENV-NIC-22-0029,ENV_NIC_22_0029_S367.tsv
Gauteng,Johannesburg MM,14,4/5/2023,ENV-NIC-23-0352,ENV_NIC_23_0352.tsv
Gauteng,Tshwane MM,3,1/18/2022,ENV-COV-22-18,ENV_COV_22_18_S350.tsv
Gauteng,Tshwane MM,2,1/11/2022,ENV-COV-22-10,ENV-COV-22-10_S380.tsv
Gauteng,Tshwane MM,42,10/19/2021,ENV-COV-21-220,ENV_COV_21_220.tsv
Free State,Mangaung MM,21,5/16/2023,ENV-COV-23-234,ENV_COV_23_234.tsv
Gauteng,Tshwane MM,28,7/14/2023,ENV-COV-23-514,ENV_COV_23_514.tsv
Gauteng,Johannesburg MM,38,9/20/2023,ENV-COV-23-0852,ENV-COV-23-0852.tsv
Eastern Cape,Buffalo City MM,42,10/18/2022,ENV-COV-22-297,ENV_COV_22_297_S179.tsv
Free State,Mangaung MM,19,5/10/2022,ENV-COV-22-160,ENV-COV-22-160_S364.tsv
Gauteng,Ekurhuleni MM,29,7/19/2022,ENV-COV-22-194,ENV_COV_22_194_S377.tsv
Free State,Mangaung MM,34,8/23/2022,ENV-COV-22-238,ENV_COV_22_238_S268.tsv
Gauteng,Tshwane MM,43,10/24/2023,ENV-COV-23-1043,ENV-COV-23-1043.tsv
Western Cape,Cape Town MM,32,8/10/2022,ENV-NIC-22-0635,ENV_NIC_22_0635_S278.tsv
Eastern Cape,Buffalo City MM,2,1/11/2022,ENV-NIC-22-010,ENV_NIC_22_010_S346.tsv
Gauteng,Ekurhuleni MM,42,10/19/2023,ENV-COV-23-1025,ENV-COV-23-1025.tsv
Free State,Mangaung MM,15,4/12/2022,ENV-COV-22-128,ENV_COV_22_128_S364.tsv
Eastern Cape,Buffalo City MM,41,10/10/2023,ENV-COV-23-0974,ENV_COV_23_0974.tsv
Gauteng,Ekurhuleni MM,36,9/5/2023,ENV-COV-23-0778,ENV_COV_23_0778.tsv
Gauteng,Johannesburg MM,44,11/1/2023,ENV-COV-23-1091,ENV_COV_23_1091.tsv
Gauteng,Johannesburg MM,21,5/24/2022,ENV-NIC-22-0358,ENV_NIC_22_0358_S367.tsv
Gauteng,Ekurhuleni MM,38,9/20/2022,ENV-COV-22-265,ENV_COV_22_265_S367.tsv
Gauteng,Tshwane MM,38,9/20/2023,ENV-COV-23-0851,ENV-COV-23-0851.tsv
Free State,Mangaung MM,6,2/8/2022,ENV-COV-22-48,ENV_COV_22_48_S168.tsv
Gauteng,Ekurhuleni MM,44,11/2/2023,ENV-COV-23-1101,ENV_COV_23_1101.tsv
KwaZulu-Natal,Ethekwini MM,46,11/15/2021,ENV-COV-21-262,ENV_COV_21_262.tsv
Western Cape,Cape Town MM,15,4/11/2022,ENV-NIC-22-0205,ENV_NIC_22_0205_S367.tsv
Gauteng,Johannesburg MM,23,6/7/2023,ENV-COV-23-324,ENV_COV_23_324.tsv
KwaZulu-Natal,Ethekwini MM,7,2/14/2022,ENV-COV-22-56,ENV_COV_22_56_S185.tsv
Free State,Mangaung MM,36,9/6/2022,ENV-COV-22-256,ENV-COV-22-256_S194.tsv
Gauteng,Tshwane MM,9,3/1/2022,ENV-NIC-22-0089,ENV-NIC-22-0089_S376_L001.tsv
Gauteng,Tshwane MM,21,5/26/2023,ENV-COV-23-263,ENV_COV_23_263.tsv
KwaZulu-Natal,Ethekwini MM,10,3/7/2022,ENV-COV-22-78,ENV_COV_22_78_S368.tsv
Gauteng,Tshwane MM,8,2/21/2023,ENV-NIC-23-0193,ENV_NIC_23_0193.tsv
Free State,Mangaung MM,17,4/26/2022,ENV-COV-22-140,ENV_COV_22_140_S319.tsv
Gauteng,Tshwane MM,32,8/11/2023,ENV-COV-23-648,ENV-COV-23-648.tsv
Gauteng,Johannesburg MM,31,8/2/2023,ENV-COV-23-606,ENV_COV_23_606.tsv
Gauteng,Ekurhuleni MM,35,8/31/2023,ENV-COV-23-0754,ENV_COV_23_0754.tsv
Gauteng,Ekurhuleni MM,20,5/15/2023,ENV-COV-23-188,ENV_COV_23_188.tsv
Gauteng,Johannesburg MM,30,7/26/2023,ENV-COV-23-575,ENV_COV_23_575.tsv
Gauteng,Tshwane MM,51,12/21/2021,ENV-COV-21-304,ENV-COV-21-304_S364.tsv
Gauteng,Johannesburg MM,26,6/27/2022,ENV-NIC-22-0486,ENV_NIC_22_0486_S362.tsv
Gauteng,Ekurhuleni MM,26,6/27/2022,ENV-NIC-22-0487,ENV_NIC_22_0487_S363.tsv
Gauteng,Tshwane MM,42,10/20/2023,ENV-COV-23-1032,ENV-COV-23-1032.tsv
Gauteng,Tshwane MM,34,8/23/2023,ENV-NIC-23-0934,ENV_NIC_23_0934.tsv
KwaZulu-Natal,Ethekwini MM,27,7/4/2022,ENV-NIC-22-0503,ENV_NIC_22_0503_S370.tsv
Gauteng,Tshwane MM,27,7/5/2022,ENV-NIC-22-0504,ENV_NIC_22_0504_S371.tsv
Gauteng,Johannesburg MM,50,12/13/2022,ENV-COV-22-351,ENV-COV-22-351_S253.tsv
KwaZulu-Natal,Ethekwini MM,11,3/14/2022,ENV-COV-22-87,ENV_COV_22_87_S356.tsv
Gauteng,Tshwane MM,40,10/3/2023,ENV-COV-23-0907,ENV_COV_23_0907.tsv
Gauteng,Johannesburg MM,35,8/30/2023,ENV-COV-23-0746,ENV_COV_23_0746.tsv
Free State,Mangaung MM,17,4/25/2023,ENV-COV-23-125,ENV_COV_23_125.tsv
Free State,Mangaung MM,3,1/18/2022,ENV-NIC-22-0022,ENV_NIC_22_0022_S357.tsv
Eastern Cape,Buffalo City MM,40,10/3/2023,ENV-COV-23-0931,ENV_COV_23_0931.tsv
Gauteng,Tshwane MM,18,5/2/2023,ENV-COV-23-134,COV_23_134.tsv
Eastern Cape,Buffalo City MM,33,8/16/2022,ENV-NIC-22-0648,ENV_NIC_22_0648_S172.tsv
Eastern Cape,Buffalo City MM,40,10/3/2023,ENV-COV-23-0932,ENV_COV_23_0932.tsv
Gauteng,Tshwane MM,38,9/22/2023,ENV-COV-23-0870,ENV-COV-23-0870.tsv
Gauteng,Ekurhuleni MM,45,11/9/2023,ENV-COV-23-1138,ENV_COV_23_1138.tsv
Western Cape,Cape Town MM,43,10/24/2023,ENV-COV-23-1059,ENV-COV-23-1059.tsv
Gauteng,Ekurhuleni MM,42,10/17/2023,ENV-COV-23-1001,ENV-COV-23-1001.tsv
Gauteng,Ekurhuleni MM,10,3/8/2022,ENV-COV-22-79,ENV_COV_22_79_S369.tsv
KwaZulu-Natal,Ethekwini MM,2,1/10/2022,ENV-COV-22-9,ENV-COV-22-9_S379.tsv
KwaZulu-Natal,Ethekwini MM,46,11/13/2023,ENV-COV-23-1163,ENV_COV_23_1163.tsv
Gauteng,Ekurhuleni MM,38,9/21/2023,ENV-COV-23-0862,ENV-COV-23-0862.tsv
Gauteng,Tshwane MM,33,8/18/2023,ENV-COV-23-693,ENV-COV-23-693.tsv
Gauteng,Tshwane MM,42,10/19/2022,ENV-COV-22-296,ENV_COV_22_296_S178.tsv
Gauteng,Johannesburg MM,44,11/1/2022,ENV-NIC-22-0919,ENV_NIC_22_0919_S278.tsv
Gauteng,Tshwane MM,19,5/12/2023,ENV-COV-23-184,ENV_COV_23_184.tsv
Western Cape,Cape Town MM,6,2/7/2022,ENV-NIC-22-0053,ENV_NIC_22_0053_S170.tsv
Gauteng,Tshwane MM,12,3/22/2022,ENV-COV-22-93,ENV_COV_22_93_S366.tsv
Gauteng,Ekurhuleni MM,18,5/3/2022,ENV-NIC-22-0274,ENV_NIC_22_0274_S159.tsv
Gauteng,Tshwane MM,2,1/11/2022,ENV-COV-22-12,ENV-COV-22-12_S382.tsv
KwaZulu-Natal,Ethekwini MM,9,2/28/2022,ENV-COV-22-69,ENV-COV-22-69_S371_L001.tsv
Gauteng,Tshwane MM,45,11/10/2023,ENV-COV-23-1146,ENV_COV_23_1146.tsv
North West,Rustenburg Local Municipality,43,10/27/2023,ENV-COV-23-1076,ENV_COV_23_1076.tsv
Gauteng,Tshwane MM,51,12/21/2022,ENV-COV-22-360,ENV-COV-22-360_S268.tsv
Gauteng,Johannesburg MM,5,1/31/2022,ENV-COV-22-32,ENV-COV-22-32_S364_L001.tsv
Eastern Cape,Buffalo City MM,31,8/1/2023,ENV-COV-23-607,ENV_COV_23_607.tsv
Gauteng,Tshwane MM,9,3/1/2023,ENV-NIC-23-0227,ENV_NIC_23_0227.tsv
Gauteng,Tshwane MM,35,8/29/2023,ENV-COV-23-0740,ENV_COV_23_0740.tsv
Eastern Cape,Nelson Mandela Bay MM,19,5/10/2022,ENV-NIC-22-0314,ENV-NIC-22-0314_S369.tsv
KwaZulu-Natal,Ethekwini MM,39,9/26/2023,ENV-COV-23-0887,ENV-COV-23-0887.tsv
Gauteng,Tshwane MM,30,7/27/2022,ENV-NIC-22-0614,ENV_NIC_22_0614_S294.tsv
Gauteng,,42,10/17/2023,ENV-COV-23-1017,ENV-COV-23-1017.tsv
Gauteng,Johannesburg MM,39,9/27/2023,ENV-COV-23-0881,ENV-COV-23-0881.tsv
Gauteng,Ekurhuleni MM,44,10/30/2023,ENV-COV-23-1077,ENV_COV_23_1077.tsv
Gauteng,Tshwane MM,43,10/24/2023,ENV-COV-23-1041,ENV-COV-23-1041.tsv
Gauteng,Ekurhuleni MM,41,10/9/2023,ENV-COV-23-0946,ENV_COV_23_0946.tsv
Gauteng,Tshwane MM,24,6/13/2023,ENV-COV-23-347,ENV_COV_23_347.tsv
Free State,Mangaung MM,5,2/1/2022,ENV-COV-22-37,ENV-COV-22-37_S369_L001.tsv
Gauteng,Tshwane MM,8,2/22/2022,ENV-COV-22-60,ENV-COV-22-60_S339_L001.tsv
Gauteng,Ekurhuleni MM,9,2/28/2023,ENV-COV-23-57,ENV_COV_23_57.tsv
Gauteng,Ekurhuleni MM,16,4/19/2022,ENV-COV-22-134,ENV-COV-22-134_S374.tsv
Gauteng,Tshwane MM,45,11/10/2023,ENV-COV-23-1149,ENV_COV_23_1149.tsv
Gauteng,Tshwane MM,13,3/29/2022,ENV-COV-22-104,ENV_COV_22_104_S373.tsv
Gauteng,Tshwane MM,30,7/21/2023,ENV-COV-23-551,ENV_COV_23_551.tsv
Gauteng,Johannesburg MM,17,4/25/2022,ENV-NIC-22-0248,ENV_NIC_22_0248_S324.tsv
Gauteng,Ekurhuleni MM,46,11/13/2023,ENV-COV-23-153,ENV_COV_23_153.tsv
KwaZulu-Natal,Ethekwini MM,34,8/22/2022,ENV-NIC-22-0669,ENV_NIC_22_0669_S197.tsv
Gauteng,Tshwane MM,26,6/28/2022,ENV-NIC-22-0488,ENV_NIC_22_0488_S364.tsv
Gauteng,Ekurhuleni MM,17,4/25/2022,ENV-NIC-22-0247,ENV_NIC_22_0247_S323.tsv
Free State,Mangaung MM,17,4/26/2023,ENV-COV-23-126,ENV_COV_23_126.tsv
Eastern Cape,Buffalo City MM,11,3/15/2022,ENV-COV-22-92,ENV_COV_22_92_S361.tsv
KwaZulu-Natal,Ethekwini MM,50,12/13/2021,ENV-COV-21-297,ENV-COV-21-297_S352.tsv
Gauteng,Ekurhuleni MM,33,8/15/2023,ENV-COV-23-667,ENV-COV-23-667.tsv
Gauteng,Tshwane MM,3,1/17/2023,ENV-NIC-23-0044,ENV_NIC_23_0044.tsv
Gauteng,Tshwane MM,21,5/23/2023,ENV-COV-23-244,ENV_COV_23_244.tsv
Gauteng,Tshwane MM,14,4/5/2022,ENV-COV-22-114,ENV_COV_22_114_S365.tsv
Gauteng,Ekurhuleni MM,10,3/7/2023,ENV-COV-23-61,ENV_COV_23_61.tsv
Gauteng,Johannesburg MM,21,5/24/2023,ENV-COV-23-245,ENV_COV_23_245.tsv
Gauteng,Ekurhuleni MM,21,5/22/2023,ENV-COV-23-232,ENV_COV_23_232.tsv
Gauteng,Ekurhuleni MM,43,10/26/2023,ENV-COV-23-1062,ENV-COV-23-1062.tsv
Gauteng,Johannesburg MM,38,9/20/2022,ENV-COV-22-264,ENV_COV_22_264_S366.tsv
KwaZulu-Natal,Ethekwini MM,8,2/21/2022,ENV-NIC-22-0081,ENV-NIC-22-0081_S347_L001.tsv
Gauteng,Johannesburg MM,37,9/13/2022,ENV-NIC-22-0734,ENV-NIC-22-0734_S200.tsv
Gauteng,Ekurhuleni MM,5,2/1/2022,ENV-NIC-22-0043,ENV_NIC_22_0043_S159.tsv
Gauteng,Ekurhuleni MM,14,4/4/2023,ENV-COV-23-83,ENV_COV_23_83.tsv
Gauteng,Tshwane MM,36,9/5/2023,ENV-COV-23-0774,ENV_COV_23_0774.tsv
Western Cape,Cape Town MM,37,9/10/2023,ENV-COV-23-0961,ENV_COV_23_0961.tsv
Free State,Mangaung MM,39,9/27/2022,ENV-COV-22-272,ENV_COV_22_272_S79.tsv
Gauteng,Tshwane MM,41,10/12/2022,ENV-COV-22-289,ENV-COV-22-289_S205.tsv
Gauteng,Tshwane MM,15,4/12/2022,ENV-COV-22-124,ENV_COV_22_124_S360.tsv
Gauteng,Tshwane MM,32,8/8/2023,ENV-COV-23-629,ENV_COV_23_629.tsv
Gauteng,Ekurhuleni MM,44,10/30/2023,ENV-COV-23-1082,ENV_COV_23_1082.tsv
Free State,Mangaung MM,51,12/21/2021,ENV-NIC-21-662,ENV-NIC-21-662_S367.tsv
Gauteng,Tshwane MM,31,8/4/2023,ENV-COV-23-615,ENV_COV_23_615.tsv
Gauteng,Johannesburg MM,29,7/19/2023,ENV-COV-23-537,ENV_COV_23_537.tsv
Gauteng,Johannesburg MM,42,10/18/2022,ENV-COV-22-294,ENV_COV_22_294_S176.tsv
Gauteng,Ekurhuleni MM,50,12/13/2022,ENV-COV-22-352,ENV-COV-22-352_S254.tsv
Free State,Mangaung MM,41,10/11/2022,ENV-COV-22-287,ENV-COV-22-287_S203.tsv
Eastern Cape,Buffalo City MM,30,7/25/2023,ENV-COV-23-581,ENV_COV_23_581.tsv
Gauteng,Johannesburg MM,38,9/20/2023,ENV-COV-23-0856,ENV-COV-23-0856.tsv
Free State,Mangaung MM,51,12/21/2021,ENV-NIC-21-661,ENV-NIC-21-661_S366.tsv
Gauteng,Tshwane MM,46,11/14/2023,ENV-COV-23-1156,ENV_COV_23_1156.tsv
Gauteng,Ekurhuleni MM,30,7/27/2023,ENV-COV-23-576,ENV_COV_23_576.tsv
Gauteng,Tshwane MM,16,4/19/2023,ENV-COV-23-113,ENV_COV_23_113.tsv
Gauteng,Tshwane MM,25,6/21/2022,ENV-COV-22-181,ENV_COV_22_181_S373.tsv
Eastern Cape,Buffalo City MM,33,8/16/2022,ENV-NIC-22-0649,ENV_NIC_22_0649_S173.tsv
Free State,Mangaung MM,35,8/29/2023,ENV-COV-23-0751,ENV_COV_23_0751.tsv
Gauteng,Ekurhuleni MM,18,5/2/2023,ENV-COV-23-136,COV_23_136.tsv
KwaZulu-Natal,Ethekwini MM,19,5/9/2022,ENV-COV-22-156,ENV-COV-22-156_S360.tsv
Gauteng,Johannesburg MM,36,9/6/2023,ENV-COV-23-0782,ENV_COV_23_0782.tsv
Gauteng,Tshwane MM,34,8/25/2023,ENV-COV-23-0723,ENV_COV_23_0723.tsv
Gauteng,Johannesburg MM,45,11/8/2023,ENV-COV-23-1128,ENV_COV_23_1128.tsv
Gauteng,Ekurhuleni MM,42,10/18/2022,ENV-COV-22-293,ENV_COV_22_293_S175.tsv
Gauteng,Tshwane MM,19,5/9/2023,ENV-COV-23-154,ENV_COV_23_154.tsv
Gauteng,Tshwane MM,48,11/29/2022,ENV-COV-22-338,ENV-COV-22-338_S272.tsv
Gauteng,Ekurhuleni MM,44,10/30/2023,ENV-COV-23-1079,ENV_COV_23_1079.tsv
Gauteng,Ekurhuleni MM,47,11/22/2022,ENV-NIC-22-0990,ENV-NIC-22-0990_S279_L001.tsv
Gauteng,Tshwane MM,33,8/18/2023,ENV-COV-23-691,ENV-COV-23-691.tsv
Western Cape,Cape Town MM,41,10/10/2022,ENV-NIC-22-0809,ENV-NIC-22-0809_S207.tsv
Eastern Cape,Buffalo City MM,35,8/29/2023,ENV-COV-23-0764,ENV_COV_23_0764.tsv
Gauteng,Johannesburg MM,7,2/14/2022,ENV-COV-22-51,ENV_COV_22_51_S180.tsv
Gauteng,Tshwane MM,50,12/14/2021,ENV-COV-21-298,ENV-COV-21-298_S353.tsv
Gauteng,Johannesburg MM,42,10/18/2023,ENV-COV-23-1013,ENV-COV-23-1013.tsv
Gauteng,Ekurhuleni MM,29,7/17/2023,ENV-COV-23-516,ENV_COV_23_516.tsv
Free State,Mangaung MM,43,10/26/2021,ENV-COV-21-231,COV_21_231_S305.tsv
Eastern Cape,Buffalo City MM,42,10/17/2023,ENV-COV-23-1020,ENV-COV-23-1020.tsv
Free State,Mangaung MM,18,5/3/2023,ENV-COV-23-138,COV_23_138.tsv
Gauteng,Tshwane MM,40,10/6/2023,ENV-COV-23-0939,ENV_COV_23_0939.tsv
Gauteng,Johannesburg MM,42,10/17/2023,ENV-COV-23-1009,ENV-COV-23-1009.tsv
Gauteng,Ekurhuleni MM,7,2/15/2022,ENV-COV-22-54,ENV_COV_22_54_S183.tsv
Gauteng,Tshwane MM,31,8/4/2023,ENV-COV-23-616,ENV_COV_23_616.tsv
KwaZulu-Natal,Ethekwini MM,11,3/14/2022,ENV-COV-22-88,ENV_COV_22_88_S357.tsv
Eastern Cape,Buffalo City MM,44,11/1/2022,ENV-COV-22-312,ENV_COV_22_312_S276.tsv
Western Cape,Cape Town MM,43,10/26/2023,ENV-COV-23-1075,ENV_COV_23_1075.tsv
Gauteng,Tshwane MM,32,8/8/2023,ENV-COV-23-631,ENV_COV_23_631.tsv
Gauteng,Tshwane MM,44,11/3/2023,ENV-COV-23-1108,ENV_COV_23_1108.tsv
KwaZulu-Natal,Ethekwini MM,46,11/14/2022,ENV-COV-22-321,ENV_COV_22_321_S290.tsv
Free State,Mangaung MM,44,10/31/2023,ENV-COV-23-1095,ENV_COV_23_1095.tsv
Gauteng,Ekurhuleni MM,45,11/8/2022,ENV-COV-22-314,ENV_COV_22_314_S124.tsv
Gauteng,Tshwane MM,20,5/17/2022,ENV-COV-22-165,ENV_COV_22_165_S143.tsv
Gauteng,Ekurhuleni MM,38,9/21/2023,ENV-COV-23-0860,ENV-COV-23-0860.tsv
Gauteng,Ekurhuleni MM,47,11/22/2022,ENV-COV-22-331,ENV-COV-22-331_S271_L001.tsv
Gauteng,Tshwane MM,42,10/20/2023,ENV-COV-23-1030,ENV-COV-23-1030.tsv
Gauteng,Tshwane MM,23,6/6/2023,ENV-COV-23-310,ENV_COV_23_310.tsv
Gauteng,Ekurhuleni MM,32,8/10/2023,ENV-COV-23-638,ENV_COV_23_638.tsv
Gauteng,Tshwane MM,26,6/28/2023,ENV-NIC-23-0719,ENV-NIC-23-0719.tsv
Gauteng,Tshwane MM,23,6/6/2023,ENV-COV-23-313,ENV_COV_23_313.tsv
Free State,Mangaung MM,10,3/8/2022,ENV-COV-22-82,ENV_COV_22_82_S372.tsv
Gauteng,Tshwane MM,41,10/10/2023,ENV-COV-23-0954,ENV_COV_23_0954.tsv
Gauteng,Ekurhuleni MM,20,5/18/2023,ENV-COV-23-216,ENV_COV_23_216.tsv
Gauteng,Johannesburg MM,28,7/12/2023,ENV-COV-23-499,ENV_COV_23_499.tsv
Gauteng,Tshwane MM,24,6/14/2022,ENV-COV-22-176,ENV_COV_22_176_S368.tsv
Gauteng,Johannesburg MM,34,8/23/2022,ENV-NIC-22-0671,ENV_NIC_22_0671_S199.tsv
Gauteng,Johannesburg MM,19,5/4/2023,ENV-COV-23-142,ENV_COV_23_142.tsv
Gauteng,Tshwane MM,3,1/18/2022,ENV-COV-22-19,ENV_COV_22_19_S351.tsv
KwaZulu-Natal,Ethekwini MM,34,8/21/2023,ENV-NIC-23-0930,ENV_NIC_23_0930.tsv
Gauteng,Ekurhuleni MM,42,10/19/2023,ENV-COV-23-1027,ENV-COV-23-1027.tsv
Eastern Cape,Buffalo City MM,50,12/14/2022,ENV-NIC-22-1082,ENV-NIC-22-1082_S258.tsv
Western Cape,Cape Town MM,19,5/9/2023,ENV-NIC-23-0493,ENV_NIC_23_0493.tsv
Free State,Mangaung MM,41,10/10/2023,ENV-COV-23-0976,ENV_COV_23_0976.tsv
Gauteng,Ekurhuleni MM,9,2/28/2022,ENV-COV-22-66,ENV-COV-22-66_S368_L001.tsv
Eastern Cape,Buffalo City MM,43,10/24/2023,ENV-COV-23-1055,ENV-COV-23-1055.tsv
Gauteng,Johannesburg MM,46,11/13/2023,ENV-COV-23-1165,ENV_COV_23_1165.tsv
Gauteng,Ekurhuleni MM,24,6/12/2023,ENV-COV-23-345,ENV-COV-23-345.tsv
Gauteng,Ekurhuleni MM,40,10/2/2023,ENV-COV-23-0903,ENV_COV_23_0903.tsv
Gauteng,Tshwane MM,43,10/24/2023,ENV-COV-23-1045,ENV-COV-23-1045.tsv
Gauteng,Tshwane MM,14,4/5/2022,ENV-NIC-22-0190,ENV_NIC_22_0190_S371.tsv
Gauteng,Tshwane MM,24,6/14/2023,ENV-COV-23-355,ENV_COV_23_355.tsv
Gauteng,Johannesburg MM,35,8/30/2022,ENV-COV-22-241,ENV_COV_22_241_S271.tsv
Gauteng,Ekurhuleni MM,31,7/31/2023,ENV-COV-23-591,ENV_COV_23_591.tsv
Gauteng,Ekurhuleni MM,33,8/16/2022,ENV-COV-22-227,ENV_COV_22_227_S162.tsv
Gauteng,Johannesburg MM,49,12/6/2022,ENV-NIC-22-1036,ENV_NIC_22_1036_S344.tsv
Gauteng,Ekurhuleni MM,3,1/17/2022,ENV-COV-22-17,ENV_COV_22_17_S349.tsv
Free State,Mangaung MM,43,10/26/2021,ENV-COV-21-230,COV_21_230_S304.tsv
Gauteng,Tshwane MM,17,4/25/2023,ENV-COV-23-118,ENV_COV_23_118.tsv
Gauteng,Ekurhuleni MM,26,6/27/2023,ENV-COV-23-420,ENV-COV-23-420.tsv
Western Cape,Cape Town MM,50,12/13/2022,ENV-NIC-22-1079,ENV-NIC-22-1079_S257.tsv
Gauteng,Ekurhuleni MM,36,9/6/2022,ENV-NIC-22-0717,ENV-NIC-22-0717_S277.tsv
Eastern Cape,Buffalo City MM,34,8/23/2022,ENV-COV-22-234,ENV_COV_22_234_S194.tsv
Gauteng,Tshwane MM,42,10/17/2023,ENV-COV-23-1002,ENV-COV-23-1002.tsv
Gauteng,Tshwane MM,45,11/7/2023,ENV-COV-23-1123,ENV_COV_23_1123.tsv
Gauteng,Ekurhuleni MM,31,8/2/2022,ENV-NIC-22-0619,ENV_NIC_22_0619_S365.tsv
Gauteng,Ekurhuleni MM,45,11/6/2023,ENV-COV-23-1114,ENV_COV_23_1114.tsv
Gauteng,Johannesburg MM,29,7/19/2022,ENV-COV-22-193,ENV_COV_22_193_S375.tsv
Gauteng,Ekurhuleni MM,19,5/10/2023,ENV-COV-23-161,ENV_COV_23_161.tsv
Gauteng,Tshwane MM,36,9/7/2022,ENV-NIC-22-0718,ENV-NIC-22-0718_S278.tsv
Gauteng,Ekurhuleni MM,13,3/28/2022,ENV-COV-22-100,ENV_COV_22_100_S369.tsv
KwaZulu-Natal,Ethekwini MM,32,8/10/2022,ENV-COV-22-225,ENV_COV_22_225_S276.tsv
Gauteng,Johannesburg MM,33,8/16/2023,ENV-COV-23-673,ENV-COV-23-673.tsv
Free State,Mangaung MM,15,4/12/2022,ENV-COV-22-129,ENV_COV_22_129_S365.tsv
Gauteng,Ekurhuleni MM,46,11/13/2023,ENV-COV-23-1155,ENV_COV_23_1155.tsv
Gauteng,Tshwane MM,14,4/4/2023,ENV-COV-23-90,ENV_COV_23_90.tsv
Gauteng,Ekurhuleni MM,40,10/2/2023,ENV-COV-23-0904,ENV_COV_23_0904.tsv
Gauteng,Tshwane MM,37,9/15/2023,ENV-COV-23-0830,ENV-COV-23-0830.tsv
Free State,Mangaung MM,42,10/17/2023,ENV-NIC-23-1179,ENV-NIC-23-1179.tsv
Eastern Cape,Buffalo City MM,20,5/17/2022,ENV-COV-22-168,ENV_COV_22_168_S146.tsv
Gauteng,Tshwane MM,41,10/13/2023,ENV-COV-23-0992,ENV-COV-23-0992.tsv
Gauteng,Tshwane MM,31,8/1/2023,ENV-COV-23-594,ENV_COV_23_594.tsv
Gauteng,Tshwane MM,32,8/8/2023,ENV-COV-23-633,ENV_COV_23_633.tsv
KwaZulu-Natal,Ethekwini MM,16,4/19/2022,ENV-COV-22-135,ENV-COV-22-135_S375.tsv
KwaZulu-Natal,Ethekwini MM,34,8/21/2023,ENV-NIC-23-0929,ENV_NIC_23_0929.tsv
Eastern Cape,Nelson Mandela Bay MM,32,8/8/2023,ENV-COV-23-646,ENV_COV_23_646.tsv
Western Cape,Cape Town MM,33,8/18/2023,ENV-COV-23-694,ENV-COV-23-694.tsv
Gauteng,Ekurhuleni MM,16,4/18/2023,ENV-COV-23-104,ENV_COV_23_104.tsv
Gauteng,Tshwane MM,46,11/14/2023,ENV-COV-23-1161,ENV_COV_23_1161.tsv
Gauteng,Ekurhuleni MM,20,5/16/2023,ENV-COV-23-193,ENV_COV_23_193.tsv
KwaZulu-Natal,Ethekwini MM,15,4/12/2023,ENV-COV-23-97,ENV_COV_23_97.tsv
Gauteng,Tshwane MM,33,8/18/2023,ENV-COV-23-689,ENV-COV-23-689.tsv
Gauteng,Johannesburg MM,40,10/4/2023,ENV-COV-23-0950,ENV_COV_23_0950.tsv
Gauteng,Tshwane MM,20,5/16/2023,ENV-COV-23-199,ENV_COV_23_199.tsv
KwaZulu-Natal,Ethekwini MM,42,10/17/2022,ENV-COV-22-292,ENV_COV_22_292_S174.tsv
Eastern Cape,Nelson Mandela Bay MM,10,3/8/2022,ENV-NIC-22-0105,ENV_NIC_22_0105_S376.tsv
Gauteng,Tshwane MM,19,5/9/2023,ENV-COV-23-153,ENV_COV_23_153.tsv
Free State,Mangaung MM,45,11/8/2022,ENV-COV-22-317,ENV_COV_22_317_S127.tsv
Gauteng,Tshwane MM,45,11/10/2023,ENV-COV-23-1145,ENV_COV_23_1145.tsv
Gauteng,Ekurhuleni MM,31,8/3/2023,ENV-COV-23-612,ENV_COV_23_612.tsv
Eastern Cape,Buffalo City MM,30,7/27/2023,ENV-COV-23-582,ENV_COV_23_582.tsv
Gauteng,Tshwane MM,48,11/30/2022,ENV-COV-22-337,ENV-COV-22-337_S271.tsv
KwaZulu-Natal,Ethekwini MM,9,2/27/2023,ENV-COV-23-52,ENV_COV_23_52.tsv
Eastern Cape,Buffalo City MM,34,8/23/2022,ENV-COV-22-235,ENV_COV_22_235_S195.tsv
Gauteng,Tshwane MM,35,9/1/2023,ENV-COV-23-0760,ENV_COV_23_0760.tsv
Gauteng,Tshwane MM,26,6/27/2023,ENV-COV-23-413,ENV-COV-23-413.tsv
Gauteng,Ekurhuleni MM,22,5/30/2023,ENV-COV-23-283,ENV-COV-23-283.tsv
Gauteng,Ekurhuleni MM,23,6/5/2023,ENV-COV-23-309,ENV_COV_23_309.tsv
Gauteng,Tshwane MM,43,10/24/2023,ENV-COV-23-1042,ENV-COV-23-1042.tsv
Gauteng,Tshwane MM,1,1/4/2022,ENV-NIC-22-005,ENV-NIC-22-005_S374.tsv
Free State,Mangaung MM,24,6/14/2023,ENV-COV-23-360,ENV_COV_23_360.tsv
Gauteng,Ekurhuleni MM,35,8/28/2023,ENV-COV-23-0730,ENV_COV_23_0730.tsv
Gauteng,Ekurhuleni MM,21,5/22/2023,ENV-COV-23-228,ENV_COV_23_228.tsv
Gauteng,Johannesburg MM,5,2/2/2022,ENV-NIC-22-0045,ENV-NIC-22-0045_S372_L001.tsv
Gauteng,Tshwane MM,10,3/8/2023,ENV-COV-23-65,ENV_COV_23_65.tsv
Eastern Cape,Buffalo City MM,19,5/10/2022,ENV-NIC-22-0312,ENV-NIC-22-0312_S367.tsv
Western Cape,Cape Town MM,2,1/10/2022,ENV-NIC-22-007,ENV_NIC_22_007_S344.tsv
Gauteng,Johannesburg MM,19,5/8/2023,ENV-COV-23-150,ENV_COV_23_150.tsv
Gauteng,Tshwane MM,42,10/20/2023,ENV-COV-23-1034,ENV-COV-23-1034.tsv
Gauteng,Johannesburg MM,31,8/2/2023,ENV-COV-23-601,ENV_COV_23_601.tsv
Gauteng,Tshwane MM,20,5/16/2023,ENV-COV-23-201,ENV_COV_23_201.tsv
Free State,Mangaung MM,32,8/10/2022,ENV-COV-22-226,ENV_COV_22_226_S277.tsv
Gauteng,Johannesburg MM,14,4/4/2022,ENV-COV-22-110,ENV_COV_22_110_S185.tsv
Gauteng,Johannesburg MM,,11/3/2023,ENV-COV-23-1113,ENV_COV_23_1113.tsv
Gauteng,Ekurhuleni MM,8,2/21/2022,ENV-NIC-22-0072,ENV-NIC-22-0072_S344_L001.tsv
Gauteng,Tshwane MM,43,10/25/2023,ENV-COV-23-1060,ENV-COV-23-1060.tsv
KwaZulu-Natal,Ethekwini MM,7,2/14/2022,ENV-COV-22-55,ENV_COV_22_55_S184.tsv
Gauteng,Tshwane MM,41,10/10/2023,ENV-COV-23-0952,ENV_COV_23_0952.tsv
Eastern Cape,Buffalo City MM,31,8/3/2023,ENV-COV-23-621,ENV_COV_23_621.tsv
Gauteng,Johannesburg MM,45,11/8/2023,ENV-COV-23-1130,ENV_COV_23_1130.tsv
KwaZulu-Natal,Ethekwini MM,8,2/21/2022,ENV-NIC-22-0080,ENV-NIC-22-0080_S346_L001.tsv
Gauteng,Ekurhuleni MM,2,1/11/2022,ENV-COV-22-11,ENV-COV-22-11_S381.tsv
Gauteng,Johannesburg MM,30,7/26/2023,ENV-COV-23-572,ENV_COV_23_572.tsv
Gauteng,Tshwane MM,41,10/13/2023,ENV-COV-23-0993,ENV-COV-23-0993.tsv
KwaZulu-Natal,Ethekwini MM,35,8/28/2023,ENV-COV-23-0750,ENV_COV_23_0750.tsv
Eastern Cape,Buffalo City MM,36,9/7/2022,ENV-COV-22-253,ENV-COV-22-253_S276.tsv
Gauteng,Ekurhuleni MM,43,10/25/2022,ENV-COV-22-299,ENV-COV-22-299_S160.tsv
Eastern Cape,Buffalo City MM,19,5/10/2022,ENV-NIC-22-0311,ENV-NIC-22-0311_S366.tsv
Gauteng,Johannesburg MM,38,9/20/2023,ENV-COV-23-0854,ENV-COV-23-0854.tsv
Gauteng,Tshwane MM,35,8/30/2023,ENV-COV-23-0770,ENV_COV_23_0770.tsv
Gauteng,Ekurhuleni MM,35,8/31/2023,ENV-COV-23-0756,ENV_COV_23_0756.tsv
Gauteng,Johannesburg MM,30,7/26/2022,ENV-NIC-22-0610,ENV_NIC_22_0610_S293.tsv
Gauteng,Tshwane MM,40,10/3/2023,ENV-COV-23-0913,ENV_COV_23_0913.tsv
Western Cape,Cape Town MM,2,1/10/2022,ENV-NIC-22-008,ENV_NIC_22_008_S345.tsv
KwaZulu-Natal,Ethekwini MM,44,10/31/2022,ENV-COV-22-305,ENV_COV_22_305_S270.tsv
Gauteng,Johannesburg MM,24,6/14/2023,ENV-COV-23-366,ENV_COV_23_366.tsv
Eastern Cape,Buffalo City MM,51,12/21/2021,ENV-COV-21-306,ENV-COV-21-306_S365.tsv
Gauteng,Ekurhuleni MM,10,3/7/2022,ENV-COV-22-74,ENV_COV_22_74_S365.tsv
Gauteng,Ekurhuleni MM,46,11/14/2023,ENV-COV-23-1162,ENV_COV_23_1162.tsv
Gauteng,Johannesburg MM,44,11/1/2022,ENV-COV-22-306,ENV_COV_22_306_S271.tsv
Gauteng,Ekurhuleni MM,31,7/31/2023,ENV-COV-23-589,ENV_COV_23_589.tsv
Western Cape,Cape Town MM,41,10/10/2022,ENV-NIC-22-0810,ENV-NIC-22-0810_S208.tsv
Gauteng,Tshwane MM,20,5/17/2023,ENV-COV-23-213,ENV_COV_23_213.tsv
Gauteng,Ekurhuleni MM,15,4/12/2022,ENV-COV-22-123,ENV_COV_22_123_S359.tsv
Free State,Mangaung MM,7,2/15/2022,ENV-NIC-22-0068,ENV_NIC_22_0068_S188.tsv
Gauteng,Tshwane MM,29,7/21/2023,ENV-COV-23-548,ENV_COV_23_548.tsv
Eastern Cape,Buffalo City MM,31,8/2/2022,ENV-COV-22-218,ENV_COV_22_218_S362.tsv
Gauteng,Johannesburg MM,9,3/3/2022,ENV-NIC-22-0096,ENV-NIC-22-0096_S377_L001.tsv
Gauteng,Tshwane MM,21,5/23/2023,ENV-COV-23-242,ENV_COV_23_242.tsv
Gauteng,Ekurhuleni MM,19,5/9/2022,ENV-COV-22-153,ENV-COV-22-153_S357.tsv
KwaZulu-Natal,Ethekwini MM,47,11/21/2022,ENV-NIC-22-0987,ENV-NIC-22-0987_S276_L001.tsv
Free State,Mangaung MM,30,7/27/2021,ENV-COV-21-098,COV-21-098_S316_L001.tsv
Gauteng,Johannesburg MM,39,9/27/2023,ENV-COV-23-0882,ENV-COV-23-0882.tsv
Gauteng,Ekurhuleni MM,45,11/6/2023,ENV-COV-23-1119,ENV_COV_23_1119.tsv
Gauteng,Johannesburg MM,36,9/6/2023,ENV-COV-23-0785,ENV_COV_23_0785.tsv
Gauteng,Tshwane MM,14,4/4/2023,ENV-COV-23-87,ENV_COV_23_87.tsv
Gauteng,Tshwane MM,2,1/11/2023,ENV-COV-23-8,ENV-COV-23-8.tsv
Gauteng,Tshwane MM,42,10/17/2023,ENV-COV-23-1005,ENV-COV-23-1005.tsv
Gauteng,Ekurhuleni MM,21,5/22/2023,ENV-COV-23-229,ENV_COV_23_229.tsv
KwaZulu-Natal,Ethekwini MM,3,1/17/2022,ENV-COV-22-20,ENV_COV_22_20_S352.tsv
Gauteng,Tshwane MM,49,12/7/2021,ENV-NIC-21-618,ENV-NIC-21-618_S347.tsv
Gauteng,Ekurhuleni MM,38,9/18/2023,ENV-COV-23-0834,ENV-COV-23-0834.tsv
Gauteng,Tshwane MM,39,9/28/2022,ENV-NIC-22-0767,ENV_NIC_22_0767_S75.tsv
Gauteng,Ekurhuleni MM,19,5/10/2023,ENV-COV-23-162,ENV_COV_23_162.tsv
Gauteng,Tshwane MM,18,5/2/2023,ENV-COV-23-130,COV_23_130.tsv
Gauteng,Ekurhuleni MM,23,6/7/2022,ENV-NIC-22-0411,ENV_NIC_22_0411_S376.tsv
Gauteng,Johannesburg MM,33,8/16/2023,ENV-COV-23-676,ENV-COV-23-676.tsv
Gauteng,Ekurhuleni MM,21,5/25/2023,ENV-COV-23-251,ENV_COV_23_251.tsv
Gauteng,Tshwane MM,28,7/14/2023,ENV-COV-23-515,ENV_COV_23_515.tsv
Free State,Mangaung MM,45,11/8/2022,ENV-COV-22-316,ENV_COV_22_316_S126.tsv
Gauteng,Ekurhuleni MM,27,7/5/2022,ENV-NIC-22-0502,ENV_NIC_22_0502_S185.tsv
Gauteng,Tshwane MM,19,5/12/2023,ENV-COV-23-181,ENV_COV_23_181.tsv
Free State,Mangaung MM,9,3/1/2022,ENV-COV-22-71,ENV-COV-22-71_S373_L001.tsv
Northern Cape,Namakwa DM,33,8/18/2021,ENV-COV-21-134,COV-21-134_S.tsv
Free State,Mangaung MM,11,3/15/2022,ENV-NIC-22-0127,ENV_NIC_22_0127_S363.tsv
Gauteng,Johannesburg MM,33,8/16/2023,ENV-COV-23-674,ENV-COV-23-674.tsv
Gauteng,Johannesburg MM,42,10/18/2023,ENV-COV-23-1012,ENV-COV-23-1012.tsv
KwaZulu-Natal,Ethekwini MM,38,9/18/2023,ENV-COV-23-0838,ENV-COV-23-0838.tsv
Free State,Mangaung MM,46,11/15/2022,ENV-NIC-22-0963,ENV_NIC_22_0963_S300.tsv
KwaZulu-Natal,Ethekwini MM,41,10/10/2022,ENV-COV-22-284,ENV-COV-22-284_S201.tsv
Gauteng,Tshwane MM,33,8/15/2023,ENV-COV-23-663,ENV-COV-23-663.tsv
Gauteng,Tshwane MM,21,5/24/2023,ENV-NIC-23-0560,ENV_NIC_23_0560.tsv
Free State,Mangaung MM,49,12/7/2021,ENV-COV-21-292,ENV-COV-21-292_S344.tsv
Gauteng,Ekurhuleni MM,30,7/27/2023,ENV-COV-23-577,ENV_COV_23_577.tsv
Gauteng,Tshwane MM,19,5/10/2022,ENV-COV-22-157,ENV-COV-22-157_S361.tsv
Gauteng,Tshwane MM,32,8/11/2023,ENV-COV-23-653,ENV-COV-23-653.tsv
Free State,Mangaung MM,11,3/15/2022,ENV-NIC-22-0126,ENV_NIC_22_0126_S362.tsv
Gauteng,Ekurhuleni MM,24,6/13/2023,ENV-COV-23-354,ENV-COV-23-354.tsv
Gauteng,Johannesburg MM,16,4/19/2022,ENV-COV-22-131,ENV-COV-22-131_S371.tsv
Gauteng,Ekurhuleni MM,26,6/29/2023,ENV-COV-23-436,ENV-COV-23-436.tsv
Gauteng,Ekurhuleni MM,41,10/9/2023,ENV-COV-23-0944,ENV_COV_23_0944.tsv
Gauteng,Ekurhuleni MM,14,4/5/2022,ENV-NIC-22-0189,ENV_NIC_22_0189_S370.tsv
Free State,Mangaung MM,49,12/7/2021,ENV-COV-21-291,ENV-COV-21-291_S343.tsv
Gauteng,Tshwane MM,31,8/1/2023,ENV-COV-23-596,ENV_COV_23_596.tsv
Gauteng,Johannesburg MM,35,8/30/2023,ENV-COV-23-0744,ENV_COV_23_0744.tsv
Gauteng,Johannesburg MM,40,10/4/2023,ENV-COV-23-0918,ENV_COV_23_0918.tsv
Gauteng,Ekurhuleni MM,17,4/26/2022,ENV-COV-22-139,ENV_COV_22_139_S318.tsv
Gauteng,Tshwane MM,25,6/23/2023,ENV-COV-23-407,ENV-COV-23-407.tsv
Free State,Mangaung MM,26,6/27/2023,ENV-COV-23-422,ENV-COV-23-422.tsv
Gauteng,Ekurhuleni MM,26,6/27/2023,ENV-COV-23-421,ENV-COV-23-421.tsv
Free State,Mangaung MM,13,3/28/2023,ENV-COV-23-81,ENV_COV_23_81.tsv
Gauteng,Tshwane MM,26,6/27/2023,ENV-COV-23-419,ENV-COV-23-419.tsv
Gauteng,Tshwane MM,29,7/20/2022,ENV-COV-22-196,ENV_COV_22_196_S379.tsv
Free State,Mangaung MM,42,10/18/2022,ENV-NIC-22-0829,ENV_NIC_22_0829_S182.tsv
Free State,Mangaung MM,24,6/14/2023,ENV-COV-23-359,ENV-COV-23-359.tsv
Eastern Cape,Nelson Mandela Bay MM,15,4/11/2022,ENV-NIC-22-0206,ENV_NIC_22_0206_S368.tsv
Gauteng,Ekurhuleni MM,25,6/19/2023,ENV-COV-23-375,ENV_COV_23_375.tsv
Gauteng,Tshwane MM,29,7/19/2023,ENV-COV-23-538,ENV_COV_23_538.tsv
KwaZulu-Natal,Ethekwini MM,17,4/24/2023,ENV-NIC-23-0460,ENV_NIC_23_0460.tsv
Gauteng,Tshwane MM,18,5/2/2023,ENV-COV-23-133,COV_23_133.tsv
Gauteng,Ekurhuleni MM,43,10/26/2023,ENV-COV-23-1064,ENV-COV-23-1064.tsv
Gauteng,Tshwane MM,18,5/3/2023,ENV-COV-23-137,COV_23_137.tsv
Gauteng,Tshwane MM,15,4/12/2023,ENV-COV-23-99,ENV_COV_23_99.tsv
Eastern Cape,Buffalo City MM,4,1/25/2022,ENV-COV-22-30,ENV_COV_22_30_S363.tsv
Gauteng,Johannesburg MM,29,7/19/2023,ENV-COV-23-531,ENV_COV_23_531.tsv
Gauteng,Johannesburg MM,21,5/24/2023,ENV-COV-23-250,ENV_COV_23_250.tsv
Free State,Mangaung MM,9,2/28/2023,ENV-COV-23-56,ENV_COV_23_56.tsv
Gauteng,Tshwane MM,39,9/26/2023,ENV-COV-23-0873,ENV-COV-23-0873.tsv
Gauteng,Ekurhuleni MM,40,10/5/2023,ENV-COV-23-0926,ENV_COV_23_0926.tsv
Gauteng,Johannesburg MM,43,10/25/2023,ENV-COV-23-1052,ENV-COV-23-1052.tsv
Free State,Mangaung MM,40,10/3/2023,ENV-COV-23-0933,ENV_COV_23_0933.tsv
Gauteng,Tshwane MM,21,5/26/2023,ENV-COV-23-261,ENV_COV_23_261.tsv
Western Cape,Cape Town MM,50,12/13/2021,ENV-NIC-21-644,ENV-NIC-21-644_S357.tsv
KwaZulu-Natal,Ethekwini MM,46,11/13/2023,ENV-COV-23-1164,ENV_COV_23_1164.tsv
KwaZulu-Natal,Ethekwini MM,51,12/19/2022,ENV-COV-22-356,ENV-COV-22-356_S264.tsv
Gauteng,Tshwane MM,16,4/19/2022,ENV-COV-22-130,ENV-COV-22-130_S370.tsv
Gauteng,Tshwane MM,31,8/4/2023,ENV-COV-23-620,ENV_COV_23_620.tsv
Gauteng,Tshwane MM,35,8/29/2023,ENV-COV-23-0741,ENV_COV_23_0741.tsv
Gauteng,Ethekwini MM,43,10/23/2023,ENV-COV-23-1039,ENV-COV-23-1039.tsv
Gauteng,Johannesburg MM,42,10/18/2023,ENV-COV-23-1010,ENV-COV-23-1010.tsv
KwaZulu-Natal,Ethekwini MM,17,4/25/2022,ENV-NIC-22-0250,ENV_NIC_22_0250_S326.tsv
Free State,Mangaung MM,41,10/10/2023,ENV-COV-23-0975,ENV_COV_23_0975.tsv
KwaZulu-Natal,Ethekwini MM,37,9/10/2023,ENV-COV-23-0958,ENV_COV_23_0958.tsv
Gauteng,Johannesburg MM,18,5/3/2022,ENV-NIC-22-0273,ENV_NIC_22_0273_S339.tsv
Gauteng,Tshwane MM,42,10/20/2023,ENV-COV-23-1031,ENV-COV-23-1031.tsv
KwaZulu-Natal,Ethekwini MM,50,12/13/2021,ENV-COV-21-296,ENV-COV-21-296_S351.tsv
Western Cape,Cape Town MM,19,5/9/2022,ENV-NIC-22-0301,ENV-NIC-22-0301_S365.tsv
Gauteng,Tshwane MM,43,10/26/2022,ENV-COV-22-304,ENV-COV-22-304_S165.tsv
Gauteng,Ekurhuleni MM,42,10/19/2023,ENV-COV-23-1023,ENV-COV-23-1023.tsv
Eastern Cape,Buffalo City MM,42,10/17/2023,ENV-COV-23-1021,ENV-COV-23-1021.tsv
Eastern Cape,Buffalo City MM,16,4/19/2022,ENV-COV-22-137,ENV_COV_22_137_S314.tsv
Gauteng,Tshwane MM,39,9/26/2023,ENV-COV-23-0875,ENV-COV-23-0875.tsv
Gauteng,Ekurhuleni MM,11,3/14/2023,ENV-COV-23-66,ENV_COV_23_66.tsv
Gauteng,Tshwane MM,42,10/17/2023,ENV-COV-23-1006,ENV-COV-23-1006.tsv
Gauteng,Tshwane MM,19,5/9/2023,ENV-COV-23-157,ENV_COV_23_157.tsv
Gauteng,Tshwane MM,18,5/2/2023,ENV-COV-23-128,COV_23_128.tsv
Gauteng,Ekurhuleni MM,21,5/22/2023,ENV-COV-23-231,ENV_COV_23_231.tsv
Gauteng,Ekurhuleni MM,43,10/26/2021,ENV-COV-21-227,COV_21_227_S301.tsv
Gauteng,Ekurhuleni MM,49,12/6/2022,ENV-NIC-22-1035,ENV_NIC_22_1035_S343.tsv
Western Cape,Cape Town MM,33,8/14/2023,ENV-COV-23-695,ENV-COV-23-695.tsv
Gauteng,Tshwane MM,42,10/17/2023,ENV-COV-23-1004,ENV-COV-23-1004.tsv
Gauteng,Tshwane MM,42,10/17/2023,ENV-COV-23-1003,ENV-COV-23-1003.tsv
Gauteng,Johannesburg MM,43,10/25/2023,ENV-COV-23-1053,ENV-COV-23-1053.tsv
Gauteng,Ekurhuleni MM,42,10/16/2023,ENV-COV-23-1000,ENV-COV-23-1000.tsv
KwaZulu-Natal,Ethekwini MM,43,10/24/2022,ENV-NIC-22-0900,ENV-NIC-22-0900_S166.tsv
Gauteng,Ekurhuleni MM,42,10/16/2023,ENV-COV-23-0997,ENV-COV-23-0997.tsv
Free State,Mangaung MM,25,6/20/2023,ENV-NIC-23-0698,ENV-NIC-23-0698.tsv
Western Cape,Cape Town MM,43,10/26/2021,ENV-COV-21-228,COV_21_228_S302.tsv
Gauteng,Tshwane MM,41,10/13/2023,ENV-COV-23-0994,ENV-COV-23-0994.tsv
Gauteng,Tshwane MM,17,4/26/2023,ENV-COV-23-135,COV_23_135.tsv
Gauteng,Johannesburg MM,14,4/6/2022,ENV-NIC-22-0192,ENV_NIC_22_0192_S372.tsv
Eastern Cape,Buffalo City MM,39,9/26/2023,ENV-COV-23-0888,ENV-COV-23-0888.tsv
Gauteng,Ekurhuleni MM,22,6/1/2023,ENV-COV-23-292,ENV_COV_23_292.tsv
Gauteng,Tshwane MM,36,9/5/2023,ENV-COV-23-0775,ENV_COV_23_0775.tsv
Gauteng,Tshwane MM,38,9/22/2023,ENV-COV-23-0866,ENV-COV-23-0866.tsv
Gauteng,Ekurhuleni MM,20,5/18/2023,ENV-COV-23-215,ENV_COV_23_215.tsv
Gauteng,Ekurhuleni MM,26,6/29/2023,ENV-COV-23-434,ENV-COV-23-434.tsv
Gauteng,Johannesburg MM,30,7/26/2023,ENV-COV-23-570,ENV_COV_23_570.tsv
Gauteng,Johannesburg MM,10,3/7/2022,ENV-COV-22-75,ENV_COV_22_75_S366.tsv
Gauteng,Tshwane MM,39,9/26/2023,ENV-COV-23-0877,ENV-COV-23-0877.tsv
Gauteng,Tshwane MM,39,9/26/2023,ENV-COV-23-0876,ENV-COV-23-0876.tsv
Gauteng,Tshwane MM,47,11/22/2022,ENV-NIC-22-0989,ENV-NIC-22-0989_S278_L001.tsv
Free State,Mangaung MM,13,3/29/2022,ENV-COV-22-107,ENV_COV_22_107_S376.tsv
Gauteng,Tshwane MM,34,8/25/2023,ENV-COV-23-0724,ENV_COV_23_0724.tsv
Gauteng,Johannesburg MM,41,10/11/2023,ENV-COV-23-0968,ENV_COV_23_0968.tsv
Gauteng,Johannesburg MM,23,6/7/2023,ENV-COV-23-323,ENV_COV_23_323.tsv
Free State,Mangaung MM,12,3/22/2022,ENV-COV-22-96,ENV_COV_22_96_S369.tsv
Gauteng,Johannesburg MM,43,10/25/2022,ENV-NIC-22-0901,ENV-NIC-22-0901_S167.tsv
Gauteng,Tshwane MM,38,9/22/2023,ENV-COV-23-0865,ENV-COV-23-0865.tsv
Gauteng,Tshwane MM,29,7/17/2023,ENV-COV-23-523,ENV_COV_23_523.tsv
Gauteng,Johannesburg MM,25,6/21/2022,ENV-NIC-22-0424,ENV_NIC_22_0424_S375.tsv
Gauteng,Tshwane MM,32,8/10/2023,ENV-COV-23-645,ENV_COV_23_645.tsv
KwaZulu-Natal,Ethekwini MM,26,6/26/2023,ENV-NIC-23-0716,ENV-NIC-23-0716.tsv
Free State,Mangaung MM,34,8/23/2022,ENV-COV-22-236,ENV_COV_22_236_S196.tsv
Free State,Mangaung MM,17,4/26/2022,ENV-COV-22-141,ENV-COV-22-141_S376.tsv
Free State,Mangaung MM,42,10/17/2023,ENV-NIC-23-1178,ENV-NIC-23-1178.tsv
Gauteng,Ekurhuleni MM,43,10/23/2023,ENV-COV-23-1035,ENV-COV-23-1035.tsv
Free State,Mangaung MM,12,3/22/2022,ENV-COV-22-95,ENV_COV_22_95_S368.tsv
Free State,Mangaung MM,16,4/18/2023,ENV-NIC-23-0431,ENV_NIC_23_0431.tsv
Gauteng,Johannesburg MM,26,6/28/2023,ENV-COV-23-425,ENV-COV-23-425.tsv
Gauteng,Ekurhuleni MM,35,8/31/2023,ENV-COV-23-0755,ENV_COV_23_0755.tsv
Gauteng,Tshwane MM,20,5/16/2023,ENV-COV-23-203,ENV_COV_23_203.tsv
Gauteng,Tshwane MM,34,8/25/2023,ENV-COV-23-0725,ENV_COV_23_0725.tsv
KwaZulu-Natal,Ethekwini MM,38,9/18/2023,ENV-COV-23-0839,ENV-COV-23-0839.tsv
Gauteng,Johannesburg MM,30,7/26/2023,ENV-COV-23-569,ENV_COV_23_569.tsv
Gauteng,Johannesburg MM,15,4/11/2022,ENV-COV-22-120,ENV_COV_22_120_S356.tsv
Gauteng,Ekurhuleni MM,1,1/4/2022,ENV-NIC-22-006,ENV-NIC-22-006_S375.tsv
Gauteng,Tshwane MM,16,4/19/2022,ENV-COV-22-132,ENV-COV-22-132_S372.tsv
Gauteng,Tshwane MM,21,5/23/2023,ENV-COV-23-238,ENV_COV_23_238.tsv
Gauteng,Tshwane MM,37,9/15/2023,ENV-COV-23-0833,ENV-COV-23-0833.tsv
Gauteng,Tshwane MM,37,9/15/2023,ENV-COV-23-0831,ENV-COV-23-0831.tsv
Gauteng,Ekurhuleni MM,28,7/11/2023,ENV-COV-23-492,ENV_COV_23_492.tsv
Gauteng,Tshwane MM,38,9/19/2023,ENV-COV-23-0840,ENV-COV-23-0840.tsv
Gauteng,Ekurhuleni MM,46,11/13/2023,ENV-COV-23-1151,ENV_COV_23_1151.tsv
Gauteng,Ekurhuleni MM,36,9/4/2023,ENV-COV-23-0766,ENV_COV_23_0766.tsv
Gauteng,Ekurhuleni MM,2,1/10/2022,ENV-COV-22-7,ENV-COV-22-7_S377.tsv
Eastern Cape,Buffalo City MM,9,3/1/2022,ENV-COV-22-72,ENV-COV-22-72_S374_L001.tsv
Free State,Mangaung MM,9,3/1/2022,ENV-COV-22-70,ENV-COV-22-70_S372_L001.tsv
Gauteng,Johannesburg MM,2,1/9/2022,ENV-COV-22-6,ENV-COV-22-6_S376.tsv
Gauteng,Johannesburg MM,3,1/17/2022,ENV-COV-22-16,ENV_COV_22_16_S348.tsv
Free State,Mangaung MM,18,5/3/2023,ENV-COV-23-139,COV_23_139.tsv
Gauteng,Ekurhuleni MM,49,12/6/2021,ENV-COV-21-286,ENV-COV-21-286_S338.tsv
Gauteng,Ekurhuleni MM,29,7/17/2023,ENV-COV-23-517,ENV_COV_23_517.tsv
Free State,Mangaung MM,8,2/22/2022,ENV-COV-22-64,ENV-COV-22-64_S343_L001.tsv
Gauteng,Tshwane MM,17,4/25/2022,ENV-NIC-22-0249,ENV_NIC_22_0249_S325.tsv
Gauteng,Tshwane MM,28,7/14/2023,ENV-COV-23-509,ENV_COV_23_509.tsv
Gauteng,Johannesburg MM,30,7/26/2023,ENV-COV-23-571,ENV_COV_23_571.tsv
Gauteng,Tshwane MM,20,5/16/2023,ENV-COV-23-197,ENV_COV_23_197.tsv
Eastern Cape,Buffalo City MM,15,4/12/2022,ENV-NIC-22-0223,ENV_NIC_22_0223_S369.tsv
Free State,Mangaung MM,49,12/6/2022,ENV-COV-22-347,ENV_COV_22_347_S341.tsv
Gauteng,Tshwane MM,49,12/7/2022,ENV-NIC-22-1037,ENV_NIC_22_1037_S345.tsv
Gauteng,Johannesburg MM,30,7/26/2023,ENV-COV-23-574,ENV_COV_23_574.tsv
Gauteng,Ekurhuleni MM,4,1/25/2022,ENV-COV-22-25,ENV_COV_22_25_S359.tsv
Gauteng,Ekurhuleni MM,17,4/25/2023,ENV-NIC-23-0461,ENV_NIC_23_0461.tsv
Gauteng,Ekurhuleni MM,41,10/11/2022,ENV-COV-22-285,ENV-COV-22-285_S202.tsv
Northern Cape,Namakwa DM,2,1/12/2022,ENV-COV-22-15,ENV_COV_22_15_S347.tsv
Gauteng,Ekurhuleni MM,51,12/20/2022,ENV-COV-22-358,ENV-COV-22-358_S266.tsv
Free State,Mangaung MM,43,10/25/2022,ENV-COV-22-301,ENV-COV-22-301_S162.tsv
Gauteng,Johannesburg MM,36,9/6/2022,ENV-COV-22-251,ENV-COV-22-251_S274.tsv
Gauteng,Tshwane MM,37,9/14/2022,ENV-COV-22-260,ENV_COV_22_260_S359.tsv
Free State,Mangaung MM,7,2/15/2022,ENV-NIC-22-0067,ENV_NIC_22_0067_S187.tsv
KwaZulu-Natal,Ethekwini MM,5,2/1/2022,ENV-COV-22-34,ENV-COV-22-34_S366_L001.tsv
Gauteng,Johannesburg MM,43,10/24/2023,ENV-COV-23-1047,ENV-COV-23-1047.tsv
Gauteng,Tshwane MM,50,12/14/2022,ENV-COV-22-350,ENV-COV-22-350_S252.tsv
Gauteng,Ekurhuleni MM,38,9/18/2023,ENV-COV-23-0837,ENV-COV-23-0837.tsv
Western Cape,Cape Town MM,28,7/10/2023,ENV-NIC-23-0784,ENV_NIC_23_0784.tsv
Gauteng,Johannesburg MM,20,5/17/2023,ENV-COV-23-207,ENV_COV_23_207.tsv
Free State,Mangaung MM,36,9/5/2023,ENV-COV-23-0786,ENV_COV_23_0786.tsv
Gauteng,Ekurhuleni MM,48,11/29/2022,ENV-COV-22-340,ENV-COV-22-340_S274.tsv
KwaZulu-Natal,Ethekwini MM,5,1/31/2022,ENV-COV-22-33,ENV-COV-22-33_S365_L001.tsv
Gauteng,Ekurhuleni MM,21,5/22/2023,ENV-COV-23-233,ENV_COV_23_233.tsv
Gauteng,Tshwane MM,32,8/11/2023,ENV-COV-23-650,ENV-COV-23-650.tsv
Gauteng,Ekurhuleni MM,29,7/20/2023,ENV-COV-23-542,ENV_COV_23_542.tsv
Gauteng,Johannesburg MM,12,3/22/2022,ENV-NIC-22-0133,ENV_NIC_22_0133_S373.tsv
Gauteng,Tshwane MM,35,8/29/2023,ENV-COV-23-0736,ENV_COV_23_0736.tsv
Eastern Cape,Buffalo City MM,47,11/22/2022,ENV-COV-22-334,ENV-COV-22-334_S273_L001.tsv
Gauteng,Ekurhuleni MM,38,9/19/2023,ENV-COV-23-0850,ENV-COV-23-0850.tsv
Gauteng,Johannesburg MM,21,5/24/2023,ENV-COV-23-248,ENV_COV_23_248.tsv
KwaZulu-Natal,Ethekwini MM,8,2/20/2023,ENV-NIC-23-0191,ENV_NIC_23_0191.tsv
Gauteng,Ekurhuleni MM,17,4/25/2023,ENV-COV-23-124,ENV_COV_23_124.tsv
Gauteng,Ekurhuleni MM,8,2/21/2023,ENV-COV-23-47,ENV_COV_23_47.tsv
Eastern Cape,Buffalo City MM,43,10/25/2022,ENV-COV-22-303,ENV-COV-22-303_S164.tsv
Gauteng,Johannesburg MM,42,10/18/2023,ENV-COV-23-1014,ENV-COV-23-1014.tsv
Free State,Mangaung MM,14,4/5/2022,ENV-COV-22-115,ENV_COV_22_115_S366.tsv
Gauteng,Tshwane MM,20,5/19/2023,ENV-COV-23-222,ENV_COV_23_222.tsv
Gauteng,Tshwane MM,43,10/24/2023,ENV-COV-23-1046,ENV-COV-23-1046.tsv
Gauteng,Ekurhuleni MM,40,10/2/2023,ENV-COV-23-0906,ENV_COV_23_0906.tsv
Gauteng,Ekurhuleni MM,32,8/10/2023,ENV-COV-23-639,ENV_COV_23_639.tsv
Gauteng,Tshwane MM,21,5/23/2023,ENV-COV-23-243,ENV_COV_23_243.tsv
Free State,Mangaung MM,14,4/4/2023,ENV-COV-23-93,ENV_COV_23_93.tsv
Gauteng,Johannesburg MM,46,11/17/2023,ENV-COV-23-1169,ENV_COV_23_1169.tsv
Western Cape,Cape Town MM,19,5/9/2022,ENV-NIC-22-0300,ENV_NIC_22_0300_S138.tsv
Gauteng,Ekurhuleni MM,43,10/26/2023,ENV-COV-23-1066,ENV-COV-23-1066.tsv
Gauteng,Tshwane MM,21,5/26/2023,ENV-COV-23-258,ENV_COV_23_258.tsv
KwaZulu-Natal,Ethekwini MM,35,8/28/2023,ENV-COV-23-0749,ENV_COV_23_0749.tsv
Western Cape,Cape Town MM,10,3/7/2022,ENV-NIC-22-0100,ENV_NIC_22_0100_S373.tsv
Gauteng,Ekurhuleni MM,13,3/28/2023,ENV-COV-23-79,ENV_COV_23_79.tsv
Gauteng,Ekurhuleni MM,26,6/29/2023,ENV-COV-23-435,ENV-COV-23-435.tsv
Gauteng,Ekurhuleni MM,19,5/10/2022,ENV-COV-22-155,ENV-COV-22-155_S359.tsv
Gauteng,Johannesburg MM,19,5/9/2022,ENV-COV-22-154,ENV-COV-22-154_S358.tsv
Gauteng,Ekurhuleni MM,36,9/5/2023,ENV-NIC-23-0965,ENV_NIC_23_0965.tsv
Gauteng,Tshwane MM,38,9/22/2023,ENV-COV-23-0869,ENV-COV-23-0869.tsv
Gauteng,Ekurhuleni MM,19,5/9/2023,ENV-COV-23-159,ENV_COV_23_159.tsv
Gauteng,Tshwane MM,40,10/3/2023,ENV-COV-23-0943,ENV_COV_23_0943.tsv
KwaZulu-Natal,Ethekwini MM,39,9/26/2022,ENV-NIC-22-0764,ENV_NIC_22_0764_S72.tsv
Eastern Cape,Buffalo City MM,3,1/18/2022,ENV-COV-22-23,ENV_COV_22_23_S355.tsv
Gauteng,Ekurhuleni MM,39,9/27/2022,ENV-NIC-22-0765,ENV_NIC_22_0765_S73.tsv
KwaZulu-Natal,Ethekwini MM,14,4/3/2023,ENV-COV-23-86,ENV_COV_23_86.tsv
KwaZulu-Natal,Ethekwini MM,20,5/15/2023,ENV-COV-23-195,ENV_COV_23_195.tsv
Eastern Cape,Buffalo City MM,46,11/15/2022,ENV-COV-22-327,ENV_COV_22_327_S295.tsv
Gauteng,Tshwane MM,31,8/2/2023,ENV-COV-23-610,ENV_COV_23_610.tsv
Gauteng,Ethekwini MM,44,10/30/2023,ENV-COV-23-1080,ENV_COV_23_1080.tsv
Free State,Mangaung MM,15,4/11/2023,ENV-COV-23-98,ENV_COV_23_98.tsv
Gauteng,Ekurhuleni MM,35,8/28/2023,ENV-COV-23-0731,ENV_COV_23_0731.tsv
Gauteng,Tshwane MM,21,5/23/2023,ENV-COV-23-239,ENV_COV_23_239.tsv
Free State,Mangaung MM,50,12/14/2021,ENV-COV-21-294,ENV-COV-21-294_S349.tsv
Northern Cape,Namakwa DM,49,12/8/2021,ENV-COV-21-293,ENV-COV-21-293_S348.tsv
Eastern Cape,Buffalo City MM,38,9/12/2023,ENV-COV-23-0846,ENV-COV-23-0846.tsv
Eastern Cape,Buffalo City MM,38,9/19/2023,ENV-COV-23-0864,ENV-COV-23-0864.tsv
KwaZulu-Natal,Ethekwini MM,49,12/7/2021,ENV-COV-21-289,ENV-COV-21-289_S341.tsv
Gauteng,Tshwane MM,49,12/7/2021,ENV-COV-21-288,ENV-COV-21-288_S340.tsv
Gauteng,Ekurhuleni MM,5,1/31/2023,ENV-COV-23-25,ENV_COV_23_25.tsv
Gauteng,Tshwane MM,21,5/23/2023,ENV-COV-23-241,ENV_COV_23_241.tsv
Gauteng,Ekurhuleni MM,51,12/20/2021,ENV-COV-21-301,ENV-COV-21-301_S361.tsv
Gauteng,Johannesburg MM,20,5/17/2023,ENV-COV-23-206,ENV_COV_23_206.tsv
Western Cape,Cape Town MM,2,1/9/2023,ENV-NIC-23-0021,ENV-NIC-23-0021.tsv
Gauteng,Ekurhuleni MM,44,11/2/2023,ENV-COV-23-1103,ENV_COV_23_1103.tsv
Gauteng,Ekurhuleni MM,34,8/23/2022,ENV-NIC-22-0670,ENV_NIC_22_0670_S198.tsv
Gauteng,Johannesburg MM,33,8/16/2023,ENV-COV-23-677,ENV-COV-23-677.tsv
KwaZulu-Natal,Ethekwini MM,30,7/24/2023,ENV-COV-23-567,ENV_COV_23_567.tsv
Gauteng,Tshwane MM,13,3/29/2023,ENV-COV-23-75,ENV_COV_23_75.tsv
Gauteng,Johannesburg MM,44,11/1/2023,ENV-COV-23-1094,ENV_COV_23_1094.tsv
Free State,Mangaung MM,43,10/24/2023,ENV-COV-23-1058,ENV-COV-23-1058.tsv
Free State,Mangaung MM,44,10/25/2022,ENV-COV-22-310,ENV_COV_22_310_S274.tsv
Gauteng,Ekurhuleni MM,20,5/15/2023,ENV-COV-23-189,ENV_COV_23_189.tsv
Gauteng,Tshwane MM,19,5/9/2023,ENV-COV-23-152,ENV_COV_23_152.tsv
Eastern Cape,Buffalo City MM,18,5/3/2022,ENV-COV-22-149,ENV_COV_22_149_S335.tsv
Gauteng,Tshwane MM,8,2/22/2023,ENV-NIC-23-0195,ENV_NIC_23_0195.tsv
Free State,Mangaung MM,50,12/13/2022,ENV-COV-22-353,ENV-COV-22-353_S255.tsv
Free State,Mangaung MM,40,10/3/2023,ENV-COV-23-0934,ENV_COV_23_0934.tsv
Gauteng,Johannesburg MM,22,5/31/2023,ENV-COV-23-280,ENV_COV_23_280.tsv
Gauteng,Tshwane MM,9,3/1/2022,ENV-COV-22-67,ENV-COV-22-67_S369_L001.tsv
Gauteng,Tshwane MM,41,10/12/2022,ENV-COV-22-290,ENV-COV-22-290_S206.tsv
Gauteng,Tshwane MM,5,2/1/2023,ENV-COV-23-26,ENV_COV_23_26.tsv
Gauteng,Tshwane MM,23,6/7/2022,ENV-COV-22-0412,ENV_COV_22_0412_S377.tsv
Free State,Mangaung MM,11,3/14/2023,ENV-NIC-23-0282,ENV_NIC_23_0282.tsv
KwaZulu-Natal,Ethekwini MM,30,7/24/2023,ENV-COV-23-566,ENV_COV_23_566.tsv
Gauteng,Johannesburg MM,8,2/21/2022,ENV-NIC-22-0073,ENV-NIC-22-0073_S345_L001.tsv